symb,date,open,high,low,close,adjClose,volume,symbol,technicals_ema8,technicals_sma20,technicals_sma50,technicals_stddev20,technicals_rsi14,technicals_cci50,technicals_cci5,technicals_snapback,technicals_hasCherries,technicals_avgVolume,technicals_macd,technicals_macdSignal,technicals_macdHistogram,technicals_atr8,technicals_ema8w,technicals_sma20w,technicals_ema8m,technicals_cci50w,technicals_cci5w,scores_ema8,scores_sma20,scores_sma50,scores_ema8w,scores_sma20w,scores_ema8m,scores_snapback,scores_snapStrength,scores_snapTiming,scores_guruScoreEMA8,scores_guruScoreSMA20,scores_guruScoreSMA50,isWhatIf,
ABX,2018-01-12T15:59:55-05:00,,,,15.125,15.12,15254942,ABX,14.7849008520025,14.5965,14.2106,0.621233450484823,63.7184389087734,163.494679200926,140.967498110355,22.5271810905712,false,9176882.1,0.16548910985018,0.140022886268144,0.025466223582036,0.30768729077073,14.5671820254312,15.42829999,15.6254387838402,-83.2484552312672,109.627457034064,93.0546614258053,82.937735331956,43.099036924843,80.7381815384026,94.6698627668954,86.8411305470735,0.0892454207158,99.999971148421,99.8648623946706,9.39956992617913,9.0457794784254,7.27251223452307,true,/guru/score/history/?symbols=ABX
ADXS,2018-01-12T15:59:47-05:00,,,,2.96,2.96,610988,ADXS,2.98380781728947,3.03049999999999,3.0666,0.304465104732996,46.6156394455217,-67.3283813308659,18.1813445859709,-85.5097259168368,false,1007849.4,-0.042697101819005,-0.041711653454699,-0.000985448364306,0.195227695242899,3.14289730439907,3.98375,4.81668313491634,-116.852013935076,-44.3810020693941,98.1275714199064,92.9146033966501,84.3640935138043,52.8796879802443,1.07175902597234E-06,1.07175902597234E-06,30.8680226431236,2.94257166053506,52.4169812987937,20.7336439465768,20.3597892671948,19.715047791917,true,/guru/score/history/?symbols=ADXS
AGRX,1969-12-31T19:00:00-05:00,,,,0,3.28,259782,AGRX,3.10660440588027,3.422,4.2286,1.6467009443126,43.3416857434124,-87.0157158773889,93.8950232037124,-180.910739081101,true,1205144.1,-0.396036774419437,-0.454902310632494,0.058865536213057,0.308675219746301,3.84047601756032,,,,-33.1639828627087,1.07175902597234E-06,1.07175902597234E-06,1.07175902597234E-06,1.07175902597234E-06,,,98.5624174787098,40.1800159475793,96.3792545093647,0.161909699658614,0.161909699658614,0.161909699658614,true,/guru/score/history/?symbols=AGRX
AKS,2018-01-12T15:59:35-05:00,,,,6.185,6.19,22097185,AKS,6.28585346259231,5.953,5.1922,0.866627947852946,58.0531706759507,114.716766296613,-51.470588235294,166.187354531907,true,16161849.25,0.322923307010464,0.318180469753551,0.004742837256913,0.319591533105359,5.68277816631462,5.4184,5.70679969108771,-1.1186918179344,76.2235046555942,96.0644911324002,79.9860238782955,7.67147448899052E-06,12.8178349910421,0.055856506337571,17.0600937540585,98.5624174787098,98.0287845210993,99.1398799354771,97.5459592364104,91.7683714034247,0.420063167953631,true,/guru/score/history/?symbols=AKS
AMBC,2018-01-12T15:59:47-05:00,,,,16.06,16.07,713517,AMBC,15.7844347647279,15.2695,14.99320002,1.33439836630527,61.4409937989979,101.132887561492,131.424198024257,-30.2913104627652,false,428480.85,0.262317713317431,0.186148327393046,0.076169385924385,0.437608066576572,15.3395932293365,,,,90.4574116350599,95.5592177993183,62.8999733276088,32.7766056443789,69.8971566037966,,,0.25522658822259,82.3228936406567,99.8648623946706,12.6155554322804,10.9740179925165,8.83087029658935,true,/guru/score/history/?symbols=AMBC
AMPE,2018-01-12T15:52:46-05:00,,,,2.92,2.93,1020243,AMPE,2.95903921388524,2.9945,2.0772,1.00708440559866,54.5521294112755,78.8380230354279,36.5853658536585,42.2526571817694,false,3156112.15,0.253570674930914,0.349315721931427,-0.095745047000513,0.436991147584903,2.420910462074,1.4057,1.4104132666542,292.037770673536,28.3702488378453,96.9415492207058,91.9965897967825,1.07175902597234E-06,1.07175902597234E-06,1.07175902597234E-06,1.07175902597234E-06,1.06683582187502,17.61428957068,45.4689790809477,12.213052550936,12.0017566533428,0.02720737382112,true,/guru/score/history/?symbols=AMPE
APPN,2018-01-12T15:50:00-05:00,,,,36.78,36.759998,610465,APPN,35.1941970336099,31.10999965,25.33099984,10.6886120633133,65.0183816178738,153.858773730683,82.0656668388837,71.7931068917991,false,1094553.25,3.54762649814975,3.29848790724309,0.249138590906657,3.73069635885559,28.4449638031236,24.51619998,22.6065001692547,,93.1338783832019,72.4964602685379,5.03512070482159E-05,1.07175902597234E-06,1.07175902597234E-06,1.07175902597234E-06,1.07175902597234E-06,14.2057615484593,99.999971148421,91.9570576494873,46.8734657524854,0.415105123537859,0.115041317901038,true,/guru/score/history/?symbols=APPN
APRI,2018-01-12T11:09:07-05:00,,,,2.58,2.7354,1446758,APRI,2.32319126696019,2.01177,1.793508,0.536813282622533,84.7790534072874,312.809685085,156.776892817925,156.032792267075,true,569857.9,0.193942853027809,0.127639931230315,0.066302921797494,0.218329261302548,1.9349968884708,1.761054,1.6572608967538,138.403360694593,209.524463680965,2.16060242617109,1.07175902597234E-06,1.07175902597234E-06,1.07175902597234E-06,1.07175902597234E-06,1.07175902597234E-06,98.5624174787098,99.999971148421,99.8648623946706,27.7180087202924,0.219416587894551,0.219416587894551,true,/guru/score/history/?symbols=APRI
APTO,2018-01-12T15:59:55-05:00,,,,2.47,2.48,416464,APTO,2.30051005223559,2.0905,1.952,0.503963292314049,67.4156752199166,162.539392637158,147.887323943662,14.6520686934956,false,716803.2,0.136277660050071,0.110832692887348,0.025444967162722,0.156364511718406,2.01716929305328,1.7088,1.67330351924476,246.595151457871,113.449037354981,29.2190144513009,5.8273130254527E-05,1.07175902597234E-06,1.07175902597234E-06,1.07175902597234E-06,1.07175902597234E-06,0.027822681466661,99.999971148421,99.8648623946706,4.3319969335294,0.054528355733425,0.014393464335018,true,/guru/score/history/?symbols=APTO
AQMS,2018-01-12T15:59:59-05:00,,,,1.935,1.94,312254,AQMS,2.0117075788947,2.08,2.7538,0.257759577901579,37.6330779701828,-81.7112003322719,-7.68321513002395,-74.0279852022479,false,616182.7,-0.227579122129264,-0.262349025177146,0.034769903047882,0.194259046078772,2.59561375379999,,,,-84.0850135597219,80.9152307066505,34.8837255738921,1.07175902597234E-06,1.07175902597234E-06,,,16.4037009567792,24.4866577509524,82.1937461252535,31.9129690062469,24.108197386973,0.075507397436564,true,/guru/score/history/?symbols=AQMS
AREX,2018-01-12T15:59:03-05:00,,,,3.93,3.91,1850159,AREX,3.51048603707245,3.0935,2.6688,0.735833540958815,84.7890086091497,258.573591620749,103.527860204418,155.045731416331,true,943262.95,0.302871372899805,0.222538212854581,0.080333160045224,0.237331741732938,2.90675029326529,2.5963,2.68484795900266,296.698728249613,209.885418028144,0.865340684320304,1.07175902597234E-06,1.07175902597234E-06,1.07175902597234E-06,1.07175902597234E-06,1.07175902597234E-06,98.5624174787098,99.999971148421,98.2895323416076,20.431462183655,0.219416587894551,0.219416587894551,true,/guru/score/history/?symbols=AREX
ARNA,2018-01-12T15:58:12-05:00,,,,35,34.950001,836556,ARNA,37.1374205930575,34.84750005,31.08500012,7.65163424067048,51.5814791313621,88.8101028215527,-120.70318804512,209.513290866672,true,649457.8,2.07649507516086,2.24165982417947,-0.165164749018608,1.96374127968719,33.0318052830958,28.06320002,26.0231217009848,154.573324514023,25.4462796611537,53.8964559698932,98.6957757346248,0.417229627759808,50.6624746534711,1.07175902597234E-06,1.07175902597234E-06,98.5624174787098,46.0506371814525,99.8648623946706,62.5416113539561,76.5153410833124,12.3720227632178,true,/guru/score/history/?symbols=ARNA
ARRY,2018-01-12T15:59:55-05:00,,,,13.7,13.71,2979469,ARRY,13.4635500767274,12.526,11.6512,2.22547433146279,64.3687134947996,168.490701228211,47.6344782890473,120.856222939164,false,3737958.45,0.667201224405231,0.564838764669224,0.102362459736007,0.710669955212339,12.164106726417,11.335,10.5675021167409,167.232191409917,97.7204391301307,95.5199945658526,8.86681496914964,0.000179522608412,0.401774655238607,1.07175902597234E-06,1.07175902597234E-06,83.4767070634547,99.999971148421,60.0438631268251,92.7299070044393,41.9866227656942,1.14435677328002,true,/guru/score/history/?symbols=ARRY
ATHM,2018-01-12T15:58:01-05:00,,,,77.875,77.919998,857934,ATHM,75.3561762710272,68.9005003000001,63.51500004,12.5522525453713,72.4960989712803,208.346567220279,44.8718018331529,163.474765387126,true,646541.7,4.55703773935403,3.54661574333624,1.01042199601779,2.83922155595381,66.523215057992,62.9336000700001,56.9492524349525,160.727551021724,127.234066507065,85.6103784147541,0.247613891306431,1.07175902597234E-06,0.000480520068158,1.07175902597234E-06,1.07175902597234E-06,98.5624174787098,99.999971148421,56.4501963863927,94.4958087158352,13.463627134755,0.219416587894551,true,/guru/score/history/?symbols=ATHM
AUY,2018-01-12T15:59:47-05:00,,,,3.445,3.44,10774910,AUY,3.25259425990842,3.0565,2.7902,0.472028600828397,74.037137471735,186.413939624557,126.352015732547,60.0619238920102,false,12395540.5,0.168775796535955,0.148266238477085,0.02050955805887,0.115199507581242,2.9281067318107,2.7696,2.82372408600593,208.478002720126,114.990618185506,51.3488906377851,0.363467234328563,1.07175902597234E-06,0.000157242017507,1.07175902597234E-06,1.07175902597234E-06,5.93894129318722,99.999971148421,99.8001513424955,31.2425632303121,5.99871263480269,0.086020511149028,true,/guru/score/history/?symbols=AUY
AXAS,2018-01-12T15:57:35-05:00,,,,2.66,2.66,1598983,AXAS,2.55001861955579,2.388,2.2154,0.372698269381547,71.2963683950888,195.226984675654,125.490196078432,69.7367885972224,false,1587099.15,0.126501230584385,0.111063093298717,0.015438137285668,0.107147727780905,2.29449625282228,2.0284,2.02045631202636,212.882738793192,118.726212572886,75.0103177782769,1.5537386081099,1.07175902597234E-06,0.003566066462879,1.07175902597234E-06,1.07175902597234E-06,12.3676943848445,99.999971148421,99.7811791496683,45.2692405111008,12.4324157741918,0.109848784682181,true,/guru/score/history/?symbols=AXAS
BABA,2018-01-12T15:59:58-05:00,,,,187.77,187.789993,11781796,BABA,187.042077803496,179.7874992,181.23839936,15.3381489193474,60.9964549151701,76.3930570544784,-90.2655988383129,166.658655892791,true,18369504.8,3.24921252513494,1.8343114022571,1.41490112287784,3.82596148082084,180.756135566439,178.29999998,164.477976410364,100.259977877882,102.166400643813,98.7594403468691,73.3690895074876,83.108231642839,80.1748577603119,60.853038091474,0.054834090293299,98.5624174787098,12.8415749924262,99.8648623946706,49.9999327092502,45.284292785774,47.205350540147,true,/guru/score/history/?symbols=BABA
BB,2018-01-12T15:59:32-05:00,,,,13.65,13.65,6306465,BB,13.4311551757749,12.2975,11.2874,2.51584478853526,66.7250045712204,177.148251355064,-67.5453047775948,244.693556132659,true,10018302.6,0.896678604298385,0.79037181337327,0.106306790925115,0.53195871299889,11.4033166689039,6.9684,6.16279586626959,170.719880459926,96.7510515501253,95.9789384310279,2.27896744935183,1.07175902597234E-06,2.11695555529801E-06,1.07175902597234E-06,1.07175902597234E-06,98.5624174787098,99.999971148421,99.8239576858568,98.1662922509052,28.2151988034076,0.219416587894551,true,/guru/score/history/?symbols=BB
BCRX,2018-01-12T15:57:13-05:00,,,,5.61,5.62,794377,BCRX,5.52909977177635,5.28449999999999,4.9534,0.602510580820293,61.1902333196276,160.691214470284,83.3333333333331,77.3578811369511,false,1141858.85,0.197933223318413,0.176624683928567,0.021308539389846,0.268796128687538,5.15186421500605,5,5.18355552680785,-8.58002584940367,99.30983098702,96.5217392451302,47.4561055033675,0.185266089421343,12.3626252185872,0.656911913554636,18.6531984600725,20.0663128033943,99.999971148421,92.5693001772393,57.8581039215018,45.6653211065424,7.19042337232284,true,/guru/score/history/?symbols=BCRX
BOLD,2018-01-12T15:59:09-05:00,,,,37.46,37.470001,344682,BOLD,35.1490079539859,32.97974985,29.45069984,5.84353898333078,63.1997075822023,181.991180105943,130.749396519427,51.2417835865154,false,429029.1,1.93309586763167,1.74834192099849,0.184753946633177,2.64286749345077,31.1997290190788,27.2781999,25.2666423276503,210.315054724809,140.258302085157,40.9070303650043,0.120690923505518,1.07175902597234E-06,1.07175902597234E-06,1.07175902597234E-06,1.07175902597234E-06,2.69633006770126,99.999971148421,99.8648623946706,22.2599214520253,3.19263433516711,0.066113481330145,true,/guru/score/history/?symbols=BOLD
BTX,2018-01-12T15:59:51-05:00,,,,2.665,2.68,205381,BTX,2.60746678944287,2.4195,2.4472,0.366468279664112,62.8371343674022,122.227917307364,17.1568627450979,105.071054562266,false,486059.05,0.069356538881002,0.019404691703489,0.049951847177513,0.146924150258453,2.48192746923588,2.5929,2.70131147228473,-51.773958428477,140.732049414684,93.5418191169774,4.85891567039983,12.3027065005353,29.0991797923251,90.1080344525771,96.8720538454413,62.3794021771709,99.6380662197864,53.7751735135675,83.4623809863817,31.1411959112635,42.444594346599,true,/guru/score/history/?symbols=BTX
CATM,2018-01-12T15:59:41-05:00,,,,21.67,21.67,327140,CATM,20.7439493618513,19.46949995,18.46479998,2.41404604508552,70.3779290242427,199.769481637684,98.9096925010249,100.859789136659,false,564312,0.71836635308777,0.412379619437469,0.305986733650301,0.731916946611281,19.6291643479874,21.88970008,25.6089159685165,-79.0746230772599,162.714884599278,73.0498532833702,1.69643750994157,0.000276805312138,3.93072252482736,97.7170519868583,0.008757015736283,55.5666533890032,99.999971148421,97.5215024955942,74.0419454573672,21.1243811152269,1.15432874917702,true,/guru/score/history/?symbols=CATM
CCIH,2018-01-12T09:58:24-05:00,,,,2.76,2.7,1112787,CCIH,2.54022712492032,2.061,1.4478,1.22301103838025,63.1184915982759,156.243927086167,24.2537313432834,131.990195742884,false,5246869.35,0.396266415995288,0.326810066415659,0.069456349579629,0.562159942952327,1.75759426840469,1.1897,1.45194715277274,192.980982678508,96.7285448089161,14.4417515302082,1.07175902597234E-06,1.07175902597234E-06,1.07175902597234E-06,1.07175902597234E-06,1.07175902597234E-06,92.4654000415763,99.999971148421,44.3622528916613,51.113191463997,0.21479562225331,0.21479562225331,true,/guru/score/history/?symbols=CCIH
CEM,2018-01-12T15:55:02-05:00,,,,16.825,16.809999,338814,CEM,16.5076720822007,15.4134999,14.04819996,2.28280749052552,78.9312564697921,170.823991193443,53.38552602128,117.438465172163,false,605165.7,0.863465193716614,0.746346647558394,0.11711854615822,0.395735651612408,14.8816006348517,14.29249998,14.7427844938853,84.4407187894658,108.754512511003,94.8563040306267,10.329046456165,1.83025741229415E-06,0.237415871747781,0.000138191243604,0.057814251510324,79.6948038813905,99.999971148421,67.2267902738231,91.095871129072,43.5007459088711,0.244332188546324,true,/guru/score/history/?symbols=CEM
CERC,2018-01-12T15:59:43-05:00,,,,2.73,2.74,479728,CERC,2.756496785439,2.823,1.94828,1.04410918969234,53.652905019946,65.2906091621805,14.1843971631206,51.1062119990599,false,898986.4,0.216932024793738,0.335419383677314,-0.118487358883576,0.501220771437717,2.30246479788554,1.41427,1.51416851437949,272.622706572978,3.20198835416085,97.8073887280234,86.0429920781003,1.07175902597234E-06,2.48541689673587E-05,1.07175902597234E-06,1.07175902597234E-06,2.66135104398838,1.97415683630369,57.6854674494837,8.009741372775,7.67478892198443,0.017790725349368,true,/guru/score/history/?symbols=CERC
CLD,2018-01-12T15:59:48-05:00,,,,5.545,5.55,1474803,CLD,5.16674096579651,4.718,4.4214,0.777807174047547,83.0355873341926,294.915132979199,107.014848950332,187.900284028867,true,1380830.15,0.285586365303236,0.195747264685948,0.089839100617288,0.229536292942224,4.57783897907125,4.0234,4.10790261560871,158.446936797452,194.085722881807,29.8605689688824,0.000199939225198,1.07175902597234E-06,1.07175902597234E-06,1.07175902597234E-06,1.07175902597234E-06,98.5624174787098,99.999971148421,98.7252813593117,66.5175789034875,1.25372727910529,0.219416587894551,true,/guru/score/history/?symbols=CLD
CLF,2018-01-12T15:59:43-05:00,,,,8.68,8.68,18667862,CLF,8.20843955280233,7.52400000000001,6.78820000000001,1.31454022380427,72.9680891994419,216.827574602088,95.1156812339332,121.711893368154,false,11731493.1,0.493385624907563,0.385303990475037,0.108081634432526,0.375457174847698,7.26407019115784,7.05909999999999,7.09637773440306,77.018830487935,160.838447648015,54.064952144334,0.008995748628826,1.07175902597234E-06,3.39020256312494E-06,1.07175902597234E-06,1.07175902597234E-06,84.3471648458201,99.999971148421,96.6909028135976,76.9712835809168,4.23352918865444,0.208315940869443,true,/guru/score/history/?symbols=CLF
CLMT,2018-01-12T15:59:05-05:00,,,,7.875,7.9,465201,CLMT,7.66347445744436,7.871,8.228,0.906176583233124,50.4782156429495,-53.4859741583489,119.325945043267,-172.811919201616,true,618260.05,-0.162633994934781,-0.152097979741087,-0.010536015193695,0.49970040080305,8.0050519310558,,,,-6.17143050377533,90.2499986144514,99.1335977964975,75.2983559944164,95.9953845047553,,,98.5624174787098,0.117180209158874,99.5905764981344,10.139213622509,10.4615369823715,9.54517078650626,true,/guru/score/history/?symbols=CLMT
CMC,2018-01-12T15:59:54-05:00,,,,25.16,25.16,2011902,CMC,24.7108293774088,22.6670001,20.65780012,4.01481808235485,73.6932651955394,188.34859215605,1.20539699589596,187.143195160154,true,2361250.1,1.42976066845145,1.1537022160409,0.276058452410554,0.730822180379028,21.8935343060911,19.90180004,19.960504050901,316.060320727288,113.70061649522,95.2828177895139,2.27854179692655,1.07175902597234E-06,0.017992048240667,1.07175902597234E-06,1.07175902597234E-06,98.5624174787098,99.999971148421,73.4502142991174,97.928387763474,28.2134420698786,0.219416587894551,true,/guru/score/history/?symbols=CMC
CMCM,2018-01-12T15:58:53-05:00,,,,15.73,15.67,2617047,CMCM,14.6369562562703,12.45650005,11.65800002,3.90266226996409,67.1754755733081,242.691759590313,52.3327394526795,190.359020137634,true,2217932.35,1.18791476164869,0.725224078439566,0.462690683209126,1.33611418450574,12.1776309207167,10.31040001,10.8724520196046,373.515178469156,170.349170341645,27.8575208514603,1.07175902597234E-06,1.07175902597234E-06,1.07175902597234E-06,1.07175902597234E-06,1.07175902597234E-06,98.5624174787098,99.999971148421,65.9497210975092,64.9956905064322,0.219416587894551,0.219416587894551,true,/guru/score/history/?symbols=CMCM
CNSL,2018-01-12T15:59:40-05:00,,,,12.685,12.7,918069,CNSL,12.6013402149523,12.5825,13.43319998,0.555189156950717,47.107907432464,-64.8935699245458,-6.21701727752409,-58.6765526470217,false,1264578.45,-0.271260127657186,-0.378646665983962,0.107386538326776,0.557578790923979,13.4129316287496,16.24410003,17.135870267889,-155.700503890192,-18.2516863069689,98.3596676435323,98.096733704417,56.8315482381864,59.0629554946566,1.07175902597234E-06,1.07175902597234E-06,5.28697093009455,1.82102022017476,80.8913799476306,9.82003225775766,9.81127418313034,8.1790662513614,true,/guru/score/history/?symbols=CNSL
CORT,2018-01-12T15:59:55-05:00,,,,20.635,20.65,1319590,CORT,19.8023392704866,18.2599999,17.92340002,2.93055620864051,68.3499249834124,246.848164375688,67.1028689238619,179.745295451826,true,2593604.5,0.789325241121603,0.444278181590333,0.345047059531269,0.896879781111174,18.276137148006,17.95839998,16.0062938997037,134.183222489087,174.105794269498,76.3638566881069,0.253439747552586,0.013034114226396,0.286612692664234,0.018417562877482,1.07175902597234E-06,98.5624174787098,99.999971148421,81.6850863234516,90.9633316485738,13.5684003585021,5.04581025194221,true,/guru/score/history/?symbols=CORT
CRBP,2018-01-12T15:58:11-05:00,,,,8.2,8.2,502228,CRBP,8.04633682030372,7.53625,7.30350000000001,1.17552913617653,59.9476717768577,155.569791074032,67.2898469292192,88.2799441448128,false,871456.4,0.279328193406319,0.204575226528166,0.074752966878153,0.480448933349993,7.49324622799343,7.15874999999999,7.04758580776777,104.515671072766,104.677193908414,94.9091573723255,13.0724629392239,0.603699110767031,8.49149116176261,0.031535200146005,0.001730784619181,35.0426598782574,99.999971148421,81.8499489921175,69.2843295254197,35.7809158395018,12.8372645560356,true,/guru/score/history/?symbols=CRBP
CRK,2018-01-12T15:59:56-05:00,,,,9.08,9.12,446440,CRK,9.00078191433977,8.383,7.06300000000001,1.49849391056458,67.4834827167725,125.961942639118,-35.4406130268171,161.402555665935,true,410222,0.652544118753072,0.66005364591612,-0.007509527163048,0.50138663014202,7.67661494557805,6.3018,6.90744863815518,68.8634648248218,89.2359039289024,97.9717560609031,17.7280587451477,1.07175902597234E-06,4.49565486726478E-05,1.07175902597234E-06,1.07175902597234E-06,98.5624174787098,99.8635979544549,96.7700306600702,98.7961034474825,55.8804523126276,0.219316800688003,true,/guru/score/history/?symbols=CRK
CRSP,2018-01-12T15:59:45-05:00,,,,28.51,28.52,897001,CRSP,26.2238989109792,22.89050005,20.29279994,6.31180951612141,74.9282586785449,261.444280937978,117.442846519086,144.001434418892,false,831750.05,2.20586048465772,1.63965706949934,0.566203415158387,2.26446902566105,21.8653232759741,,,,163.498067335468,13.8507383018148,1.07175902597234E-06,1.07175902597234E-06,1.07175902597234E-06,,,97.3661522524502,99.999971148421,99.5080377443959,51.281446719481,0.218525275973428,0.218525275973428,true,/guru/score/history/?symbols=CRSP
CVRR,2018-01-12T15:59:18-05:00,,,,17.375,17.35,844921,CVRR,16.5299113358481,15.58249995,13.80099998,2.52413842587951,74.8082192627505,154.381396960264,150.415702305105,3.9656946551589,false,578331.05,0.972867324097633,0.957438040607314,0.015429283490319,0.606650625914471,14.5007400306359,11.69699999,11.5378042962562,288.532708575296,98.1565711419156,63.8707971609557,1.38568403297394,1.07175902597234E-06,1.61408900689608E-06,1.07175902597234E-06,1.07175902597234E-06,0.004864303130447,99.999971148421,99.8648623946706,3.14369893158848,0.876788623636282,0.008048332039225,true,/guru/score/history/?symbols=CVRR
DLNG,2018-01-12T15:58:35-05:00,,,,11.7,11.66,236920,DLNG,11.9160439784312,11.745,12.3906,0.840392765318989,44.5187918253816,-67.3955603158192,-108.46294102325,41.0673807074303,false,323731,-0.100776906616986,-0.180265961228791,0.079489054611805,0.478711131364652,12.19078387754,13.0337,13.4922423670616,-140.961205910527,-1.48388229020136,95.3011250693019,98.7671781205603,56.7718273697558,78.5135666566136,4.52199508969569,0.178757563750098,0.935248520330867,2.98025594340066,99.8648623946706,6.42825170082974,6.50525631163576,5.40884440876701,true,/guru/score/history/?symbols=DLNG
DQ,2018-01-12T15:59:20-05:00,,,,68.32,68.239998,589478,DQ,62.3816730667414,56.8709993,50.34879966,12.9463519072206,66.833550855157,175.344953033737,130.81671234631,44.5282406874263,false,449823.9,4.2654450111121,3.79352021609705,0.471924795015047,4.89489351365103,53.1827723747009,40.01799978,37.9540125097768,277.858417927237,133.011235741164,7.96043081650717,1.07175902597234E-06,1.07175902597234E-06,1.07175902597234E-06,1.07175902597234E-06,1.07175902597234E-06,1.36515589979223,99.999971148421,99.8648623946706,10.2810995831948,0.052693829057895,0.052693829057895,true,/guru/score/history/?symbols=DQ
EDIT,2018-01-12T15:39:51-05:00,,,,32.02,32,930429,EDIT,31.7471191786191,29.6349999,27.05929994,6.64035988572921,59.3486301498638,125.977093578538,93.5086779872083,32.4684155913292,false,1489751.45,1.68898398141735,1.65616534918988,0.032818632227472,2.2489332834067,28.378118028298,24.62305004,23.5653821559037,218.239444528562,77.1440986741852,98.0117508908405,20.6345663537472,4.0471558804267E-05,0.313452709088979,1.07175902597234E-06,1.07175902597234E-06,0.336771867555596,99.864161788858,96.2757494601973,14.8824536266821,8.85347171727044,0.110823484089194,true,/guru/score/history/?symbols=EDIT
EPE,2018-01-12T15:40:38-05:00,,,,2.48,2.48,658710,EPE,2.4043386410666,2.2395,2.1882,0.540239761587349,60.5161443682365,52.2277865887483,108.214849921011,-55.9870633322631,false,1007905.5,0.106459311241207,0.085265713820511,0.021193597420696,0.173463850075323,2.26136551462155,2.58259999999999,2.91842507298635,-86.585861688314,76.1010931842948,87.3117646237304,2.90063663688482,0.167277323696324,7.11471981690981,79.12895239464,0.015365192259986,4.18414353907857,0.082284620385198,98.8511844921337,3.10932417458888,0.999553837672367,0.386177919711232,true,/guru/score/history/?symbols=EPE
ESPR,2018-01-12T15:59:52-05:00,,,,73.09,73.260002,917587,ESPR,68.8002250630471,64.7339999,57.8646,8.579010927329,71.6504675723295,159.663582144598,148.098994558426,11.5645875861716,false,559814.35,3.57439360271892,3.19019591711989,0.384197685599035,3.27251296812048,61.3657315187843,53.90380005,49.9437133182213,190.209725303632,138.633065708782,46.2535895998277,0.286115060637604,1.07175902597234E-06,7.93257883824339E-06,1.07175902597234E-06,1.07175902597234E-06,0.017137538352352,99.999971148421,99.8648623946706,4.29567337836105,0.788550802033592,0.012246589329604,true,/guru/score/history/?symbols=ESPR
EXK,2018-01-12T15:56:59-05:00,,,,2.625,2.63,1612479,EXK,2.49211597630403,2.452,2.2434,0.170481670569233,63.5876756652983,142.418907383696,133.084577114427,9.33433026926861,false,1423823.95,0.074965050193688,0.074028814224617,0.000936235969071,0.122240171339557,2.35396086423744,2.3255,2.58102520901011,-37.628413084617,109.316461002384,60.5315226299845,33.6444640427829,0.000531466972165,1.37035793264453,0.296542381688925,95.7146462189594,0.011959275688955,99.9993737474883,99.8648623946706,4.16768210657058,3.42666717231616,0.085979083769161,true,/guru/score/history/?symbols=EXK
FATE,2018-01-12T15:59:10-05:00,,,,7,7.01,427494,FATE,6.66090118729425,5.8885,4.9756,1.99586848264106,71.9276086153497,159.364591339994,122.727272727272,36.6373186127223,false,708744.7,0.623919420390071,0.570628837162217,0.053290583227854,0.461302406656351,5.44619125484461,4.5012,4.33607345119318,300.944090736261,92.4507582116277,64.1938828998119,1.30028182221409E-05,1.07175902597234E-06,1.07175902597234E-06,1.07175902597234E-06,1.07175902597234E-06,0.560721635147621,99.999971148421,99.7088414088094,15.3254632592248,0.090003947939939,0.039169507648713,true,/guru/score/history/?symbols=FATE
FGP,2018-01-12T14:55:22-05:00,,,,4.1,4.06,549302,FGP,4.24850932505032,4.20400000000001,4.44560000000001,0.469186530070336,38.4760183160032,-104.74240556159,-99.3052654381168,-5.43714012347337,false,633000.1,-0.042595835850952,-0.04034236485407,-0.002253470996882,0.194682339375545,4.37552238785213,4.72460000000001,5.17643250119958,-112.802447716932,-61.2157194160675,84.1773803172899,92.0798968338624,23.8978744156902,45.2732320318211,0.193808824739294,1.07175902597234E-06,0.006253929261657,89.0376674811042,99.8648623946706,3.60557096911892,3.71504308053025,2.36971074522781,true,/guru/score/history/?symbols=FGP
FND,2018-01-12T15:59:53-05:00,,,,48.13,48.139999,667355,FND,46.7782572302571,45.9114999,42.66160006,3.57467402614608,63.6219396140804,116.258793774152,140.669266682559,-24.4104729084071,false,901727.75,1.26374260591505,1.35589864280298,-0.092156036887935,1.56619437865305,44.0624768815676,40.19150003,36.0122433283352,82.4987147919941,101.55732473045,89.3273641332903,67.9804018843682,0.31933884249109,9.80911242175385,1.89169497843977E-06,1.07175902597234E-06,0.116186692532549,98.567367601222,99.8648623946706,10.076074162847,9.19936304505389,1.54068468173628,true,/guru/score/history/?symbols=FND
FTFT,2018-01-12T15:10:43-05:00,,,,4.27,4.23,258320,FTFT,4.37586451657821,4.0575,2.519,2.356784886238,55.890459298777,81.7580376535962,-56.5117613310385,138.269798984635,false,2660271,0.599563474076062,0.713065466092421,-0.113501992016359,1.07875897210153,3.23882434819574,2.1357,2.80755162577282,46.5602000565157,31.84113793394,92.3969159326344,61.9860330423466,1.07175902597234E-06,1.07175902597234E-06,1.07175902597234E-06,1.07175902597234E-06,95.5316061526023,24.6094869627753,99.4619907848773,60.1130880158541,52.6236734255137,0.136076228259099,true,/guru/score/history/?symbols=FTFT
FTK,2018-01-12T15:59:06-05:00,,,,5.925,5.93,1453976,FTK,5.54416205538245,5.01599999999999,4.82460000000001,0.954429672632242,72.2678995142352,261.1919896111,85.8974358974358,175.294553713664,true,1093933.8,0.285164760968787,0.175575051250174,0.109589709718612,0.308871632136985,5.0140938063451,4.95859999999999,6.3633872077854,-55.1377326077477,162.197664125189,36.4044689977775,6.21040888604263E-05,1.07175902597234E-06,5.67195269529641E-05,3.41191807029517E-06,36.1038379083482,98.5624174787098,99.999971148421,93.6981056828166,71.0594716694167,0.849070604340774,0.219416587894551,true,/guru/score/history/?symbols=FTK
GCAP,2018-01-12T15:59:43-05:00,,,,8.395,8.4,2000669,GCAP,8.85840432123491,8.455,7.8106,2.02046034358504,49.9889567128173,57.4957569776224,-126.852809376077,184.3485663537,true,4085383.45,0.379694861742939,0.448549448318394,-0.068854586575455,0.908658785173086,8.1215639139293,7.1207,7.1879970022106,120.258670553666,11.5704801194755,62.0770229087568,98.2833731330082,27.663880930388,85.3894479937288,9.76223511361951E-05,0.00079164626674,98.5624174787098,0.337750248535906,99.8648623946706,12.7373564260284,14.8455295071856,9.72911589904409,true,/guru/score/history/?symbols=GCAP
GNC,2018-01-12T15:59:55-05:00,,,,3.71,3.72,5547410,GNC,3.6389828138663,3.89299999999999,5.046,1.08500875572546,38.563845361475,-89.8358450250416,133.233532934132,-223.069377959173,true,4613530.5,-0.460337757589953,-0.546395228380369,0.086057470790416,0.282984262339119,4.66586537614471,6.7449,7.21806638942299,-210.96073451781,-36.1358775657584,94.7316507118544,69.8364363845615,1.07175902597234E-06,1.07175902597234E-06,1.07175902597234E-06,1.07175902597234E-06,98.5624174787098,49.4542806864718,99.8648623946706,77.2923978195509,69.8230960626663,0.173515174785491,true,/guru/score/history/?symbols=GNC
GORO,2018-01-12T15:59:37-05:00,,,,4.65,4.66,624474,GORO,4.43362864744011,4.325,4.0592,0.33624395905357,67.3566654043311,175.532139985612,133.099141295863,42.4329986897494,false,441473.7,0.127240840325009,0.118418380780388,0.008822459544621,0.169829564760144,4.17447243469952,3.9356,4.0707332733595,66.1362162523225,129.483999225911,67.2889951330406,27.2330310967406,0.031099816249813,1.55212104965883,5.84264901903886E-05,0.049736404464484,1.0882091323051,99.999971148421,99.8648623946706,19.4186377978842,14.363801924835,1.50137790855092,true,/guru/score/history/?symbols=GORO
HAE,2018-01-12T15:59:33-05:00,,,,63.98,64.120003,869054,HAE,63.0760075843296,60.3760001,57.41020004,5.29577083182433,71.5670520244813,166.83505234672,82.726791613694,84.1082607330262,false,428082.7,2.08523638525158,1.78415337364028,0.301083011611307,1.33476669686489,58.4202570591581,50.77949999,49.4632727272492,241.932257894863,124.626081177087,96.6129676713887,50.490540904516,1.47237131624773,7.9754818598502,1.07175902597234E-06,1.07175902597234E-06,28.8425901320131,99.999971148421,92.2809525619296,65.316542161026,52.6115849693274,16.1938642292589,true,/guru/score/history/?symbols=HAE
HMNY,2018-01-12T15:59:25-05:00,,,,7.62,7.64,5553355,HMNY,7.61273913112347,6.811,9.61120000000001,1.71162963283544,47.9722036994083,-50.6207713230169,-12.9235301995447,-37.6972411234722,false,7092182.75,-0.463728838626994,-0.844854598116027,0.381125759489033,1.00441805915643,8.58224968201945,9.70680003,7.95758752993856,36.8440809110517,38.1671294153943,99.0907972750943,0.935804893643133,1.07175902597234E-06,1.85420686830797,1.07175902597234E-06,75.8992676122836,0.635520796868516,0.051609520953311,86.3777856671817,1.48125889923136,0.313098967622918,0.00327581158801,true,/guru/score/history/?symbols=HMNY
HOV,2018-01-12T15:59:28-05:00,,,,2.885,2.88,3048059,HOV,3.00856464642194,2.934,2.6884,0.520745619280775,49.7447241376192,57.9959654980521,-127.962085308057,185.958050806109,true,2812792.95,0.107230876541459,0.138080449366883,-0.030849572825424,0.169166135457325,2.78950222196429,2.3463,2.43194128498909,181.360740971727,17.3788591290125,77.5523441078158,95.8360548600709,29.9736003098538,84.8638575512725,1.07175902597234E-06,2.18828903220114E-05,98.5624174787098,0.38265508573756,99.8648623946706,14.3011596669719,15.3467324356795,10.4172379133134,true,/guru/score/history/?symbols=HOV
HTGM,2018-01-12T15:57:03-05:00,,,,3.62,3.64,1385364,HTGM,3.28533608473242,2.5055,2.28668,1.57146396713383,69.5488463706645,247.116905533213,107.11129240601,140.005613127202,false,1649008.2,0.420057793226749,0.266676241517712,0.153381551709037,0.461578456081517,2.47903705057083,2.14484,2.44927045785517,56.8274184179806,136.406672285342,4.70025988505313,1.07175902597234E-06,1.07175902597234E-06,1.07175902597234E-06,1.07175902597234E-06,1.07175902597234E-06,96.1725237340127,99.999971148421,98.735823772973,35.622488340679,0.217628622120377,0.217628622120377,true,/guru/score/history/?symbols=HTGM
HTHT,2018-01-12T15:58:58-05:00,,,,155,155.039993,375687,HTHT,152.687442564351,144.02799955,129.8470001,21.5938367250672,65.9518702821569,140.136183812496,-30.3293242128135,170.465508025309,true,670994.35,8.23849252558597,7.73568386801956,0.502808657566404,5.99304260032281,136.937232066187,125.89210007,113.407348420515,150.712092696912,87.1337134078096,96.3607156050189,25.8755978349747,4.43421150908563E-06,0.201235687567447,1.07175902597234E-06,1.07175902597234E-06,98.5624174787098,99.9985296807238,95.3291704848484,98.2958070305654,63.4159424945913,0.352241446124406,true,/guru/score/history/?symbols=HTHT
INSY,2018-01-12T15:59:54-05:00,,,,8.84,8.84,3078741,INSY,9.49117509945995,8.70900000000001,6.679,3.71651395799875,52.6079477213735,89.1121336621823,-77.824049973972,166.936183636154,true,3099692.05,0.896754921219623,1.02710972509767,-0.130354803878046,1.16926883898447,7.93683348230281,7.60999999999998,8.68178469822436,-30.4999296304222,29.6006607372891,36.529559977033,96.3937126902204,1.07175902597234E-06,1.57076367666731,0.002399797049013,95.2643813228458,98.5624174787098,47.050962410757,99.8648623946706,55.3317959089265,76.461507347032,0.170657613973273,true,/guru/score/history/?symbols=INSY
IPI,2018-01-12T15:59:58-05:00,,,,4.32,4.32,913246,IPI,4.37568246622312,4.291,3.9734,0.639559223215501,53.300707394105,80.3181020497506,7.69790419864385,72.6201978511068,false,1477347.3,0.135227849932551,0.167518675628126,-0.032290825695574,0.243988846867669,4.12635678659909,3.9259,3.496026963581,107.691511034852,28.0654734020643,97.0686664421377,98.3400431796226,13.8032143772464,69.9465916533346,5.31136724848427,1.07175902597234E-06,14.994753761212,20.9883706029971,65.9122649244218,31.260724706254,31.3966143887753,16.3167164010085,true,/guru/score/history/?symbols=IPI
JCP,2018-01-12T15:59:48-05:00,,,,4.055,4.05,23071793,JCP,3.82051361904216,3.4255,3.2118,0.719818727180772,69.2790999457428,211.323457927188,92.1052631578948,119.218194769293,false,20316714.65,0.209737942105903,0.128644568519461,0.081093373586442,0.230640066703053,3.42901902411368,3.4804,4.10574102080993,-38.2351456817706,172.386992476528,47.8059399503467,3.69636850683364E-05,1.07175902597234E-06,4.73947496248961E-05,0.001312130255327,97.1652694541475,81.7247381451387,99.999971148421,95.8792477627599,73.1046650066665,0.670979973203496,0.206134264186957,true,/guru/score/history/?symbols=JCP
JMEI,2018-01-12T15:58:28-05:00,,,,3.695,3.7,3047216,JMEI,3.62258222253098,3.2745,3.1008,0.708250661842314,60.4255179143819,194.546616533516,32.9301075268813,161.616509006634,true,3000475.8,0.210315522939707,0.144424940137874,0.065890582801833,0.269081896331825,3.21002463723653,3.0591,3.12043598033044,77.7866755706467,123.81056425872,94.5242175187328,0.310330054097241,7.00494120486894E-06,0.013460316483371,1.07175902597234E-06,3.43193635066186E-05,98.5624174787098,99.999971148421,40.6847059512567,97.6678072769962,14.5159351603013,0.410240537072438,true,/guru/score/history/?symbols=JMEI
KLXI,2018-01-12T15:59:55-05:00,,,,70.73,70.709999,283996,KLXI,69.5496657977274,66.8224995,60.2909999,7.13229155363235,76.5819635837789,134.709534387567,106.29628068371,28.4132537038573,false,600849.8,3.07965570484035,3.09169875853196,-0.012043053691614,1.5082922603017,63.2897091557325,55.8351,54.9533136793355,313.804479692088,89.4310579844983,95.7388746981705,52.4307323202413,0.000300917622353,1.06571558118874,1.07175902597234E-06,1.07175902597234E-06,0.199713172755067,99.9902649521224,98.6443116138583,12.4113088494271,10.1543029905583,0.181804244104407,true,/guru/score/history/?symbols=KLXI
KRA,2018-01-12T15:53:49-05:00,,,,51.48,51.59,191176,KRA,51.7396184612368,50.0000002,48.7938,3.72192430713328,58.7043656779289,162.998144771695,-87.9543656318777,250.952510403573,true,250258.8,1.32213753738328,1.11527206036309,0.206865477020184,1.41710629310719,48.8498077721057,43.34899998,41.7741574417375,168.716375561848,104.872486212837,98.6071291165036,88.8007570371935,57.8444978243292,59.7276119126292,1.67309386567283E-05,1.07175902597234E-06,98.5624174787098,99.999971148421,99.8648623946706,99.054264785996,95.6553569467426,82.9197070244152,true,/guru/score/history/?symbols=KRA
LBY,2018-01-12T15:59:06-05:00,,,,7.7,7.71,156597,LBY,7.5643040617906,7.2015,7.01620000000001,1.00803323357898,59.8179493652613,108.913022930187,86.2707681797031,22.6422547504843,false,227009.85,0.200347183650527,0.134785557715644,0.065561625934883,0.413181724384726,7.29076901410015,7.91770000000001,8.67240338065197,-55.5605033299024,86.3104049709887,95.3758282353722,35.6113208325978,6.70138285009214,56.1510242410595,90.3231327863813,1.85325252819556,0.090710590151033,94.2496920407553,93.8506803155503,9.34240631639015,6.72731873611881,3.85508644288588,true,/guru/score/history/?symbols=LBY
LILAK,2018-01-12T15:59:48-05:00,,,,20.99,20.690001,459778,LILAK,20.7017197651625,21.07199995,21.4859999,0.903517942715588,44.0287292628923,-92.8726726392481,49.7465494135961,-142.619222052844,false,982883.9,-0.307023323050004,-0.227936761461227,-0.079086561588777,0.749033415813096,21.4390235251873,23.05874998,22.8082311073972,-83.5261619927917,-48.6438202748934,96.7334255266927,98.7594839156404,93.0109654575205,94.088325545906,11.728686728568,21.5135510661839,96.9943752134271,59.4598170471272,62.7365937662278,82.3219334522772,82.8927046343477,81.2521304221209,true,/guru/score/history/?symbols=LILAK
LINU,2018-01-12T15:58:20-05:00,,,,1.92,1.9399,818871,LINU,1.90391580105931,1.737495,1.741998,0.830245085441599,53.1075619839436,93.4277628398984,107.421658511868,-13.9938956719697,false,2940963.55,0.07587825467604,0.055109650290574,0.020768604385467,0.318339290723154,1.76427190473707,1.65599887,1.79220050026854,35.4599660121767,65.3796798456365,98.0400021676444,3.58068535512263,4.57722020175617,12.9089617193483,0.003491808444922,32.5509055017663,0.025124923673403,61.2425712090609,98.7692399078491,5.32337621348415,1.76620635192327,1.91684350508171,true,/guru/score/history/?symbols=LINU
LTEA,2018-01-04T15:51:43-05:00,,,,6.37,6.39,549800,LTEA,5.64864437926653,3.8535,3.0168,3.91911865092142,68.4129862727672,206.493002300302,39.7934608446887,166.699541455614,true,1733240.55,1.04231986277816,0.736278371981021,0.306041490797139,1.26493956552033,3.65809427075522,2.9901,3.55021046867671,189.154406298782,107.997402731417,0.338278759420707,1.07175902597234E-06,1.07175902597234E-06,1.07175902597234E-06,1.07175902597234E-06,1.07175902597234E-06,98.5624174787098,99.999971148421,49.7253448309904,14.9392450234029,0.219416587894551,0.219416587894551,true,/guru/score/history/?symbols=LTEA
MCF,2018-01-12T15:58:09-05:00,,,,5.57,5.58,611178,MCF,5.31882488255057,4.768,3.822,1.43918866032208,69.4253904914063,128.146101903008,146.118721461186,-17.9726195581784,false,735383.9,0.524759853597664,0.490555711982859,0.034204141614805,0.385803575418787,4.37473572072811,4.17099999999999,4.97493729590795,-16.5434479966738,86.156685895871,69.534129010402,0.000751705852831,1.07175902597234E-06,1.07175902597234E-06,1.07175902597234E-06,0.855154459575314,0.046044855575733,99.9260676216944,99.8648623946706,6.83942057257427,0.151229302092299,0.017021024124712,true,/guru/score/history/?symbols=MCF
MDR,2018-01-12T15:59:59-05:00,,,,7.785,7.79,5380782,MDR,7.47092325925978,7.1185,7.2332,0.815947915004701,65.6732330649028,160.433460573001,112.914131169709,47.5193294032918,false,8262454.1,0.134967036090488,0.033097104250842,0.101869931839646,0.255481088220125,7.17568793757085,6.9289,6.88320917478626,121.36447277643,131.0706401766,76.3746097308522,8.92850041436772,25.7366786507075,15.9494889129466,0.550787781692497,0.225196379627635,1.86471367027801,99.999971148421,99.2460394442499,24.2393151064453,11.8521421288944,16.8676601830602,true,/guru/score/history/?symbols=MDR
MTL,2018-01-12T15:56:06-05:00,,,,5.42,5.4,126832,MTL,5.33826025921642,4.9545,4.8118,0.971174031777997,62.749882148142,136.970467548981,11.6959064327473,125.274561116233,false,303351.6,0.21224319302404,0.164287241091531,0.04795595193251,0.197687675620193,4.96342876952325,5.0399,4.93468112556795,38.5838786465152,83.3655622878262,96.3073077412209,8.72001761273909,0.395480361804623,10.0363601920748,26.8707562120332,6.25218204757927,87.6419657064333,99.9954648841863,60.903435691378,94.5040785566806,42.4362101937243,15.1334906268137,true,/guru/score/history/?symbols=MTL
MUX,2018-01-12T15:59:45-05:00,,,,2.385,2.38,3813383,MUX,2.30431219521913,2.247,2.0676,0.216157350094887,61.6082752811254,141.381041393907,110.795454545454,30.5855868484526,false,3374194.15,0.077756428087708,0.077355518448952,0.000400909638755,0.114977030569496,2.16182288327418,2.1496,2.34831862761123,-42.8621700100923,87.9811703015134,84.1189797619468,47.7428407521272,0.009184455694755,4.18665621338171,2.38321164569244,96.2066671867574,0.265090428617576,99.9990728681686,99.0858799791623,13.0645565333752,10.8168155909647,0.624426244542701,true,/guru/score/history/?symbols=MUX
NEPT,2018-01-12T15:59:19-05:00,,,,3.065,3.07,1239799,NEPT,2.90331969164286,2.449,1.7576,0.890997194159451,70.1124696703687,160.10407196479,63.6924803591469,96.4115916056432,false,1017329.95,0.3905491233451,0.341027760300828,0.049521363044272,0.273342725617242,2.10150992389951,1.32,1.36533389084392,500.77824008002,131.906496660595,56.8468601228757,1.07175902597234E-06,1.07175902597234E-06,1.07175902597234E-06,1.07175902597234E-06,1.07175902597234E-06,48.1914027692078,99.999971148421,78.5162916471675,64.9469321645966,0.172857753354284,0.172857753354284,true,/guru/score/history/?symbols=NEPT
NETE,2018-01-12T09:51:35-05:00,,,,11.49,11.39,285334,NETE,11.5134524853335,11.34649995,7.12239998,7.91045433477753,55.5464528622423,70.5223434314659,72.3781388478577,-1.85579541639183,false,2703296.7,1.29805164053233,1.65938688622945,-0.361335245697121,2.12368851314462,8.99891312940041,6.11909998999999,7.04259750465733,143.274252360734,18.7116630287869,98.9789500710421,97.0895255825869,1.07175902597234E-06,1.07175902597234E-06,1.07175902597234E-06,1.07175902597234E-06,0.003371517866102,5.22799489111216,85.9766597330143,1.20383737033747,1.19612802601963,0.002663294894363,true,/guru/score/history/?symbols=NETE
NOG,2018-01-12T15:59:40-05:00,,,,2.91,2.91,2065332,NOG,2.59151034030943,2.111,1.6444,0.925632756550867,77.4090282914326,211.007589088809,102.490421455939,108.517167632871,false,2213526.6,0.34222147126661,0.278253974927965,0.063967496338645,0.252063131387369,1.8899041990981,1.2367,1.55808213360398,101.96863461547,143.106229022275,0.593656863896785,1.07175902597234E-06,1.07175902597234E-06,1.07175902597234E-06,1.07175902597234E-06,1.07175902597234E-06,67.6900385295121,99.999971148421,98.1375028480981,15.8983984247842,0.193585992115929,0.193585992115929,true,/guru/score/history/?symbols=NOG
OTEX,2018-01-12T15:55:25-05:00,,,,33.79,33.810001,410138,OTEX,33.9023830472778,33.6629998,33.34279992,1.84494060197211,52.4907204871248,58.8767333906113,45.6911412600647,13.1855921305466,false,713836.9,0.234177277924736,0.277925433861258,-0.043748155936522,0.603359037295951,33.5009863707035,33.04590003,33.0302567756182,70.6124546334972,40.2981705593612,98.8317219958693,98.7746685819373,96.8804885731324,98.0056598068647,93.3103828274685,93.0555730063247,0.022145510025573,0.474876906124644,57.5229734584015,1.01294927902061,1.01275432360333,1.00623870619356,true,/guru/score/history/?symbols=OTEX
PES,2018-01-12T15:46:15-05:00,,,,3.975,4,913833,PES,3.55766513442098,3.0075,2.462,1.09282889786097,77.2964899917036,220.543746516997,118.347338935574,102.196407581423,false,1263251.65,0.404364284154401,0.327232535138549,0.077131749015852,0.318999215744925,2.76671193885254,2.279,2.59085134621675,52.6937702286318,139.659952567058,1.09460937269367,1.07175902597234E-06,1.07175902597234E-06,1.07175902597234E-06,1.07175902597234E-06,1.07175902597234E-06,57.7571108491966,99.999971148421,99.5493728227564,18.4907630181746,0.18361190155069,0.18361190155069,true,/guru/score/history/?symbols=PES
PIRS,2018-01-12T15:59:55-05:00,,,,7.45,7.46,455587,PIRS,7.33357443566591,6.895,6.2104,1.37726540652119,64.0346020151603,128.747932645364,75.7020757020755,53.0458569432883,false,523719.35,0.377345872083654,0.374443683995327,0.002902188088327,0.369564695660649,6.57783203834548,5.82039999999999,5.3700685906823,143.672487418393,70.5322728295782,96.1215793204153,20.6186607648984,1.17506238073162E-06,0.1844022495744,1.07175902597234E-06,1.07175902597234E-06,3.1994538194215,99.9378868335331,88.2990400684035,31.3238860427805,18.750901559316,0.072158745943188,true,/guru/score/history/?symbols=PIRS
QIWI,2018-01-12T15:46:43-05:00,,,,16.53,16.52,393428,QIWI,16.6264237657277,15.7170001,15.7416001,2.56363901639876,55.7754793661557,55.3799995620619,-26.5780919452622,81.9580915073241,false,856696.4,0.464566642217328,0.32121159391167,0.143355048305658,0.881020752637347,15.8950580845645,16.35380009,16.9189680711633,-28.5694953297453,71.681234658184,98.4921525456763,62.9641164275469,65.4185772715065,78.8771304302184,97.5525179806615,93.0616421219326,25.8628473297404,0.195706808228224,93.9741003493092,7.9291743323703,6.83059382514425,6.91822137835164,true,/guru/score/history/?symbols=QIWI
QTNA,2018-01-12T15:59:49-05:00,,,,13.61,13.6,300158,QTNA,13.0584653694851,12.27,12.3832,1.5185256007065,66.3066852807992,104.830584510007,90.9247757073848,13.9058088026226,false,467732.9,0.267329961731116,0.064087917851493,0.203242043879624,0.509788598196643,12.7580277380644,14.71329999,15.4782834492897,-114.568951343172,146.64308643221,76.1324106653106,2.45122715522744,5.90511992536532,39.3129252774035,27.4432072957407,0.758821678101795,0.024782964755366,89.1748793534934,95.5198208301949,5.52062766065263,1.75627741410832,2.35437066138842,true,/guru/score/history/?symbols=QTNA
RENN,2018-01-12T10:57:45-05:00,,,,11.25,11.42,1802655,RENN,12.3429134885377,11.6965,10.7282,4.0083127372998,49.3136202838956,61.0321327848802,-166.666666666667,227.698799451547,true,2206607.75,0.640929574368681,0.736751038787318,-0.095821464418637,1.53775269279385,11.140495239136,9.70490000000001,8.93499010187846,167.413006495149,16.2281942761498,12.6761700514331,80.8681404141041,67.5255882146676,97.7615724696453,0.003618912180481,1.07175902597234E-06,98.5624174787098,0.788947077686575,99.8648623946706,9.95212354121144,18.4577556267463,17.3810442397706,true,/guru/score/history/?symbols=RENN
RTRX,2018-01-12T15:58:56-05:00,,,,24.69,24.700001,215452,RTRX,23.7518178813131,22.72099995,22.34459998,2.08039357055444,64.9404803487985,165.649956719968,121.178582550287,44.471374169681,false,236257.6,0.57672550400445,0.328720717193002,0.248004786811448,0.957061516923971,22.707142640946,23.21844994,21.9788157445733,129.332339321684,188.691447454952,79.389899676244,14.3122149038775,3.60411185979261,13.7213866647874,44.6250912170653,0.563558692271249,1.3569035359793,99.999971148421,99.6594563219828,22.0853710787593,12.4762834374085,7.87859972995704,true,/guru/score/history/?symbols=RTRX
RUBI,2018-01-12T15:59:58-05:00,,,,2.375,2.38,2173647,RUBI,2.17955812548092,1.9835,1.9656,0.362340999612517,68.8949928375328,138.699085145959,166.666666666666,-27.967581520707,false,979682.35,0.072519040463523,0.011985011844458,0.060534028619065,0.161353992273287,2.12157189319862,2.8505,3.5427510123299,-98.2530504409988,192.492319508448,11.7650010525075,1.95205971387224E-06,1.07175902597234E-06,0.870059014640345,0.00096640883126,1.07175902597234E-06,0.188264362007451,99.9975279839007,99.8648623946706,6.05038648236216,0.033246823655494,0.027223973303022,true,/guru/score/history/?symbols=RUBI
SCMP,2018-01-12T15:59:45-05:00,,,,18.075,18.049999,1562916,SCMP,18.1979041796484,17.69300015,14.26420004,1.30849659090258,72.5927417324321,82.8865305000383,-163.699507201083,246.586037701122,true,4461265.8,1.11193895067377,1.28591032143488,-0.173971370761114,0.402940519590608,15.8392601349695,12.72800002,12.7876358573403,314.999210625269,66.1422888719991,98.3407992746657,93.777763647583,1.07175902597234E-06,0.058504732181741,1.07175902597234E-06,1.07175902597234E-06,98.5624174787098,27.6661143298932,99.8648623946706,64.4858481164159,63.4726253649885,0.142972404559152,true,/guru/score/history/?symbols=SCMP
SD,2018-01-12T15:59:19-05:00,,,,21.17,21.16,259596,SD,20.9368665053814,19.84400005,18.89680006,2.71159281500719,63.7250898108952,143.392682402946,35.116898394337,108.275784008609,false,541049.8,0.76962781813851,0.663703022389629,0.105924795748881,0.663135745218375,19.497126934914,18.8412,19.1497778247333,157.060990614741,84.1025693687027,97.4684681648524,39.2484988391514,0.793656120982633,15.1026652760502,0.547863243955027,3.43921304032251,67.3280925600311,99.9995694277982,43.5349743803817,86.8999501234711,64.1710527125082,17.4827173808451,true,/guru/score/history/?symbols=SD
SFUN,2018-01-12T15:59:57-05:00,,,,5.255,5.25,3620414,SFUN,5.05068969642803,4.85699999999999,4.713,0.63875190802086,61.6608279900202,170.854773442574,112.58697027198,58.2678031705939,false,3397925.7,0.148959927364738,0.128118997307103,0.020840930057635,0.243750658192796,4.7475058729474,4.4033,4.20585121748495,188.541234539371,121.083680348999,78.2869661033793,19.0041476082206,1.39019421904785,3.03358845339388,4.72681698227007E-06,1.07175902597234E-06,5.10586118428166,99.999971148421,99.2230472786618,34.1916017970924,21.3290947896602,8.9203409071433,true,/guru/score/history/?symbols=SFUN
SRNE,2018-01-12T15:36:42-05:00,,,,4.925,4.95,1188617,SRNE,4.73780409336704,4.03199999999999,3.0556,1.67593078616045,65.9262347043759,165.384444592464,112.326043737574,53.0584008548906,false,2417945.85,0.611843361517841,0.552683413286292,0.059159948231549,0.541286214689543,3.54617554754349,2.57360000000001,2.88444052272114,133.677956362057,105.152113951669,79.3765234060002,1.07175902597234E-06,1.07175902597234E-06,1.07175902597234E-06,1.07175902597234E-06,1.07175902597234E-06,3.20320650303146,99.999971148421,99.2042699154797,29.4053009478514,0.070020840673418,0.070020840673418,true,/guru/score/history/?symbols=SRNE
SRRA,2018-01-12T15:59:07-05:00,,,,3.25,3.25,810392,SRRA,3.38571564615003,3.4085,2.8428,0.505500741839328,50.1999036615866,53.7516314494935,-66.6666666666663,120.41829811616,false,712974.6,0.138751528949304,0.213789923058135,-0.075038394108831,0.261337093991064,3.06497531704451,2.26099,2.19670255257274,218.47504514362,-18.9369008860378,78.716093842494,70.5382262306745,0.043491285094643,49.4136876326074,1.07175902597234E-06,1.07175902597234E-06,83.0193220717004,0.126096638049744,99.8066971730018,9.3752331105121,9.03862582887183,0.769298661762127,true,/guru/score/history/?symbols=SRRA
SSC,2018-01-12T15:59:48-05:00,,,,4.96,4.97,2171273,SSC,4.66019953834467,4.71049999998749,3.36060000000049,1.14871172437457,60.2143205435658,97.7041165916139,94.6899938612646,3.01412273034936,false,3552008.65,0.356826373558474,0.434418544998932,-0.077592171440459,0.645114622698128,3.9200968832693,2.64500000001248,705.32389629776,-33.0219467534317,58.8782150604277,43.1213968461091,61.0770944563298,1.07175902597234E-06,1.07175902597234E-06,1.07175902597234E-06,1.07175902597234E-06,0.004126850524844,73.9566562738402,96.5848289058097,2.36100156929286,2.65149894365903,0.006890187686024,true,/guru/score/history/?symbols=SSC
STON,2018-01-12T14:43:51-05:00,,,,5.61,5.62,184507,STON,5.86496480049548,6.2705,6.68839999999999,0.751011983924915,30.3220815437516,-216.979786628206,-115.866388308977,-101.113398319228,false,313700.35,-0.291239172225158,-0.220879643745134,-0.070359528480023,0.293996039235654,6.42230763269218,6.52989999999999,7.58623820087672,-111.306828735973,-147.08963330256,74.5725648864475,3.48866073182327,0.002567729528313,0.391529721856787,0.060820924992278,1.07175902597234E-06,55.9837906471885,99.999971148421,99.8648623946706,74.7389660554663,26.9302449852177,2.43147877992775,true,/guru/score/history/?symbols=STON
SUPN,2018-01-12T15:59:59-05:00,,,,44.2,44.150002,468765,SUPN,42.6807157026315,40.42500025,39.18900022,4.02535818406406,64.9198748659561,230.881961978775,90.8947811464762,139.987180832299,false,491323.25,1.31549365963787,0.800233169825876,0.515260489811997,1.71498522358193,40.2349310670827,41.05099998,38.9712037629926,90.8235767391716,196.210752080804,83.5502407593091,9.08871204400634,0.331678859490547,6.15468865302442,25.194604639939,0.150443335975137,96.1661344472258,99.999971148421,95.5103694720972,92.9658076324023,44.378722121471,14.7201852357133,true,/guru/score/history/?symbols=SUPN
SVM,2018-01-12T15:50:00-05:00,,,,2.93,2.92,468540,SVM,2.79879898560976,2.7095,2.54492,0.23651427018249,63.2472317035492,173.562139122439,135.94276094276,37.6193781796792,false,350727,0.090137543467972,0.079169762073073,0.010967781394899,0.129848478676119,2.63957061639443,2.69435,2.79302635305027,,114.177755873172,70.0172080699208,19.6216581855164,0.012983554781565,2.26875193204683,13.6007968772204,66.9432963301089,0.629739667279405,99.999971148421,99.8648623946706,16.3979127564223,10.7308027114003,0.935085910462953,true,/guru/score/history/?symbols=SVM
TEUM,2018-01-12T15:58:38-05:00,,,,2.39,2.4,3087573,TEUM,2.46001906117259,2.0895,1.3806,1.37477961870258,57.3479334962932,110.8043811976,-43.4782608695652,154.282642067166,true,18836373.65,0.376668571281307,0.391087044384802,-0.014418473103495,0.403923077580378,1.75266428893163,1.2296,1.1742381202719,248.510238753253,53.2807798141075,89.6433369937428,0.040032150953251,1.07175902597234E-06,1.07175902597234E-06,1.07175902597234E-06,1.07175902597234E-06,98.5624174787098,95.8514197654312,98.2825130854008,94.6112188347229,7.23168677937545,0.216339430577616,true,/guru/score/history/?symbols=TEUM
TIVO,2018-01-12T15:59:29-05:00,,,,14.725,14.75,1150385,TIVO,14.8720557562972,14.6125,16.15100006,0.894357311145028,43.0318545907898,-65.4499527411462,-55.5555555555575,-9.89439718558877,false,1977749.25,-0.334656507651921,-0.481320865069242,0.146664357417321,0.533608164635666,15.6651186153275,17.46900004,17.4722069502043,-220.281039898085,2.63434831481034,97.7490541325191,98.1782731640175,12.888659907077,49.9784551511917,0.005156015852437,0.005026301599731,0.013100103682373,2.03861918287922,99.4107515690588,1.37691712389434,1.37892954270889,0.700819538407788,true,/guru/score/history/?symbols=TIVO
TK,2018-01-12T15:55:30-05:00,,,,10.53,10.54,517451,TK,10.1717737455847,9.654,8.9138,0.99141111553193,73.3347591595367,184.950697774665,139.136904761905,45.8137930127594,false,936387.55,0.444285682217609,0.374007215910478,0.070278466307131,0.330636638011209,9.30911491339867,8.90690000000001,8.68571318492388,130.165781613832,143.021346469623,83.9228703796968,10.942653866437,6.09344408930568E-05,0.221376908277593,5.06283618140202E-05,1.07175902597234E-06,1.56360927570589,99.999971148421,99.8648623946706,23.5868247769677,11.9605254161102,0.211997292522996,true,/guru/score/history/?symbols=TK
TMST,2018-01-12T15:59:55-05:00,,,,18.53,18.52,611913,TMST,17.1616829186454,15.5560001,14.76220004,2.99384987319016,77.8315451183586,255.294296556865,118.851635007857,136.442661549008,false,504480.65,0.900389410420539,0.579640769623194,0.320748640797345,0.71432604423031,15.4827736312115,15.30300003,15.1807090571221,97.3132025008421,155.364607305684,21.4986595126626,7.72100191559488E-06,1.07175902597234E-06,2.21791028875984E-06,1.07175902597234E-06,1.07175902597234E-06,94.7663695303546,99.999971148421,99.5710467853443,58.8421455366748,0.418256397714461,0.216562749119835,true,/guru/score/history/?symbols=TMST
TOO,2018-01-12T15:59:09-05:00,,,,2.825,2.82,1515396,TOO,2.69589418494237,2.4805,2.4298,0.391891566635408,72.3383066947578,194.53197170444,63.0026809651476,131.529290739292,false,1680514.8,0.114269618436896,0.061780927479807,0.052488690957089,0.111193388605359,2.48179674112024,2.4668,2.85165502219369,-34.5217244899286,159.997495146847,68.5951925239723,0.08015789558139,0.002013846929816,0.086949339940068,0.03268033765691,97.8623322407956,92.1888137462137,99.999971148421,77.8386708855574,85.833586623721,9.04082652515082,2.64789963373621,true,/guru/score/history/?symbols=TOO
TTOO,2018-01-12T15:20:07-05:00,,,,5.29,5.2,250823,TTOO,5.07382591352807,4.54200000000001,4.264,0.980318315650452,67.493625925228,260.436328265419,2.0121474084286,258.424180856991,true,399581.15,0.314876817158296,0.205046057751782,0.109830759406514,0.338735110183584,4.45920741664611,4.3305,4.30319204804907,80.1302770159144,140.832675271675,75.6713737785429,0.001410801439594,1.07175902597234E-06,2.18170486676605E-05,1.07175902597234E-06,1.07175902597234E-06,98.5624174787098,99.999971148421,72.5611938683805,90.6875383432581,2.40468967487911,0.219416587894551,true,/guru/score/history/?symbols=TTOO
UAN,2018-01-12T15:59:54-05:00,,,,3.98,3.99,661175,UAN,3.92932548070692,3.65650000000001,3.452,0.5461236123804,61.5697768550317,153.876365023228,-56.6707844348368,210.547149458064,true,835268.75,0.176466511590191,0.130283637649694,0.046182873940497,0.196731985299708,3.57569511661457,3.28890000000001,3.65885316334863,-2.92157199315775,99.9077412186497,97.022699799302,12.7371739773303,0.010032673186822,1.68848213909029,1.07175902597234E-06,13.3305350968232,98.5624174787098,99.999971148421,99.4701168548355,98.5208595863042,50.0719802850184,4.62426409565392,true,/guru/score/history/?symbols=UAN
UNG,2018-01-12T15:59:55-05:00,,,,25.29,25.290001,10627244,UNG,23.6040038114855,22.3679999,23.53760008,2.62860166522024,64.1662997715859,72.3380015818347,119.932423440027,-47.5944218581922,false,5714532.2,0.25086255360711,-0.136550577054311,0.387413130661421,0.969002026942882,23.243603112646,24.77120011,25.5370712236153,-61.4906987036845,197.701288134609,32.3786670743572,0.236165549420464,28.1617377254806,13.1005270340078,94.0885814452953,97.7942680418399,1.87903420771139,7.0532962725649,99.6143872151015,7.54273054165597,1.46278709246736,7.19993795980577,true,/guru/score/history/?symbols=UNG
UTHR,2018-01-12T15:59:41-05:00,,,,141.27,141.270004,417842,UTHR,145.865376455144,144.2070007,133.5846011,12.8602984592448,48.8945987844904,60.7597612288092,-105.079057118866,165.838818347675,true,411742.1,3.59777440570815,4.78516913536281,-1.18739472965465,3.77863588735405,138.650263881236,128.23450065,130.591187411329,59.0643538035807,-7.62025867424885,87.2821595431164,94.3555169475797,53.9318560908382,94.9934357050794,4.78423461104991,19.1900638860354,98.5624174787098,0.741126054909291,99.8648623946706,18.542842260278,19.0307940325397,15.7936653608291,true,/guru/score/history/?symbols=UTHR
VCEL,2018-01-12T15:59:48-05:00,,,,6.6,6.625,607044,VCEL,6.16842234386653,5.51375,4.8053,1.20866403520581,76.975735241798,200.863397406121,91.0852713178295,109.778126088292,false,699057.2,0.466657758394327,0.36787302096889,0.098784737425436,0.384911226477716,5.23917537073265,4.71095,4.28535501813515,228.270010419378,160.503378204136,34.5084454549892,2.12303522539869E-06,1.07175902597234E-06,1.07175902597234E-06,1.07175902597234E-06,1.07175902597234E-06,69.5530512638323,99.999971148421,95.5701215022977,62.1460913519713,0.245334008005151,0.195345946467539,true,/guru/score/history/?symbols=VCEL
VKTX,2018-01-12T15:59:26-05:00,,,,4.72,4.74,678390,VKTX,4.81916033265256,4.4455,3.5106,0.899432598919981,62.0307146906884,103.113862425017,-117.940635671132,221.054498096148,true,724034.5,0.423711005376015,0.434772419034054,-0.011061413658038,0.353243077177916,3.92734079783811,2.61692,2.49954708606112,255.431487909074,70.7884490481336,94.2596403779399,47.213129554898,1.07175902597234E-06,1.07175902597234E-06,1.07175902597234E-06,1.07175902597234E-06,98.5624174787098,86.2763991035065,99.8648623946706,92.8915861781855,73.7715172400869,0.208881592166079,true,/guru/score/history/?symbols=VKTX
VUZI,2018-01-12T15:52:39-05:00,,,,8.5,8.55,685375,VUZI,7.94687255649035,6.775,6.36119999999999,2.1903196113809,69.2892887946922,205.622113863145,-59.1397849462362,264.761898809381,true,976728.75,0.604731292408224,0.372206189249879,0.232525103158345,0.732990289655572,6.71570146514952,6.00309999999999,6.2441032098122,346.667832099917,137.296148017461,35.0442379940927,1.07175902597234E-06,1.07175902597234E-06,1.07175902597234E-06,1.07175902597234E-06,1.07175902597234E-06,98.5624174787098,99.999971148421,99.5830082760329,70.1631826895101,0.219416587894551,0.219416587894551,true,/guru/score/history/?symbols=VUZI
WATT,2018-01-12T15:57:06-05:00,,,,20.03,20,5201767,WATT,21.7283439494155,17.4980001,12.06580004,14.441920493674,55.4369967744256,105.424541386136,-166.666666666667,272.091208052803,true,9313408.35,3.44666383032764,3.35872642829457,0.087937402033069,3.40613087102441,15.3545412857282,11.78520002,13.1544721283665,169.297455686323,44.5678272641351,23.3764875868757,0.035190607877134,1.07175902597234E-06,1.07175902597234E-06,1.07175902597234E-06,1.07175902597234E-06,98.5624174787098,90.0669965782746,99.8648623946706,59.2041424647751,6.78528247398549,0.211896959866463,true,/guru/score/history/?symbols=WATT
WPRT,2018-01-12T15:57:33-05:00,,,,3.725,3.72,471381,WPRT,3.76347201835121,3.534,3.25,0.784688473217246,56.8374836580977,96.0966886447431,-49.8220640569388,145.918752701682,false,1153364.05,0.200247413884702,0.198211805358976,0.002035608525726,0.236455171602188,3.39667151844594,3.1607,2.76823683322891,129.122996912162,58.2015068194482,97.6765096199691,59.4115197102273,0.02843132686523,7.12597139081108,0.000106093868646,1.07175902597234E-06,97.8175610316221,69.4293450796374,99.002806388546,87.21342527268,73.8941719264171,5.7798824905626,true,/guru/score/history/?symbols=WPRT
WTI,2018-01-12T15:59:19-05:00,,,,4.885,4.88,4138437,WTI,4.39834231724484,3.619,3.3384,1.47177308033543,80.1110576742488,286.52700820765,112.305099030763,174.221909176887,true,2813541.85,0.430100338271151,0.289345194904501,0.14075514336665,0.331351643878953,3.5463896437008,2.9993,2.86587182804542,303.573323841921,157.277122019097,2.13911982749604,1.07175902597234E-06,1.07175902597234E-06,1.07175902597234E-06,1.07175902597234E-06,1.07175902597234E-06,98.5624174787098,99.999971148421,99.2027454874317,27.625836997683,0.219416587894551,0.219416587894551,true,/guru/score/history/?symbols=WTI
WTW,2018-01-12T15:59:41-05:00,,,,59.46,59.439999,2174662,WTW,54.3794105579672,49.49999995,46.73340004,8.97651747929041,73.0150959679707,319.345779136128,99.0815220686258,220.264257067503,true,1944103.1,2.90802764076513,1.69252810512218,1.21549953564295,2.81669312490511,48.4464737672344,45.7738000900001,40.7445270599394,141.549885615596,221.511674165055,9.05881492762946,1.07175902597234E-06,1.07175902597234E-06,1.07175902597234E-06,1.07175902597234E-06,1.07175902597234E-06,98.5624174787098,99.999971148421,97.5545498117402,44.6951984184839,0.219416587894551,0.219416587894551,true,/guru/score/history/?symbols=WTW
WUBA,2018-01-12T15:58:51-05:00,,,,82.05,81.980003,1183620,WUBA,80.6881678257575,75.1860004999999,72.9086006600001,10.7271182092883,67.9933944423039,153.107177055757,-82.3193850503554,235.426562106112,true,960761,3.23063927021327,2.27927127281643,0.951367997396841,2.81632351425874,74.0993526050486,69.02710041,62.9853733699126,144.503347809315,112.878346716605,95.772646490952,10.5331692792478,0.445790888170161,2.92531561205585,1.32665310070834E-05,1.07175902597234E-06,98.5624174787098,99.999971148421,99.8648623946706,98.0959106953275,46.9991599117289,16.3787518487256,true,/guru/score/history/?symbols=WUBA
XENT,2018-01-12T15:59:46-05:00,,,,34.45,34.349998,172479,XENT,34.1217047234307,33.2749991,30.9584995,1.94614970133454,60.4940770583418,111.419723561137,31.0095933954002,80.4101301657363,false,245238.95,0.995329124213611,0.985193656525539,0.010135467688072,1.14787917763294,32.1262583229489,30.49624969,28.5270310758998,106.170385568664,96.0896517526758,97.8055420636334,83.8307836605323,1.73775110025631,31.0913905908659,0.266909879703314,1.07175902597234E-06,23.8208266283403,96.2867473215182,38.2210543796366,60.7615629024655,57.7176920581475,15.8551481882933,true,/guru/score/history/?symbols=XENT
XIN,2018-01-12T15:57:18-05:00,,,,7.97,8,500656,XIN,7.76275683930695,7.02150000000001,6.29,1.5776219445734,72.65417660087,171.862509992006,54.4217687074839,117.440741284523,false,1052837.8,0.549908428016485,0.459761434245381,0.090146993771104,0.384346822912836,6.69000959920658,5.9507,5.84392234738732,330.152044465366,110.150617624099,90.8588908185957,0.133488955715877,1.07175902597234E-06,7.47617107110798E-06,1.07175902597234E-06,1.07175902597234E-06,79.6974830818817,99.999971148421,68.464424132588,89.7988215208274,10.2085314755839,0.204415525112758,true,/guru/score/history/?symbols=XIN
XON,2018-01-12T15:59:31-05:00,,,,14.7,14.71,2546439,XON,13.4483637704023,12.6095,13.24,1.85077794454083,61.51889597888,78.5123588298543,155.353393981805,-76.841035151951,false,1861816.95,0.140637658020726,-0.147379407729007,0.288017065749733,0.963830914783174,13.416611089705,15.94379995,17.2511704070076,-116.372339110172,169.503475505566,9.29524260397009,0.001160648734022,2.21692709577226,7.6895426513905,23.5620755080842,0.021958233491815,19.4676801170572,16.9207062086863,99.8648623946706,14.5210427919771,0.725790305292089,9.0052277154875,true,/guru/score/history/?symbols=XON
XXII,2018-01-12T15:59:57-05:00,,,,3.315,3.34,2787537,XXII,3.21984705992041,2.917,2.543,0.64305831772864,65.1264847949821,165.280016913198,57.6923076923068,107.587709220891,false,3968471.85,0.224302691364872,0.1899675697846,0.034335121580272,0.252580896044713,2.78622959778677,2.5917,2.30727368947683,159.509978747951,114.807213575813,88.8372765762571,0.111535521859074,1.07175902597234E-06,1.0447353893106E-05,1.07175902597234E-06,1.07175902597234E-06,66.2874594011699,99.999971148421,72.2318716643201,83.8189394925286,9.04235356035337,0.19223957581277,true,/guru/score/history/?symbols=XXII
YTEN,2018-01-12T13:33:51-05:00,,,,1.62,1.57,142138,YTEN,1.71110472368651,2.0435,2.425,1.04986237193265,39.083839245337,-108.143493061011,-82.1917808219177,-25.9517122390931,false,602616.9,-0.287234235111229,-0.253579799510249,-0.03365443560098,0.242295512208394,2.27751010750833,2.7609,2.48018482756415,-29.3294321016694,-66.1339833875045,60.6524203915835,1.07175902597234E-06,1.07175902597234E-06,1.07175902597234E-06,1.07175902597234E-06,1.07175902597234E-06,0.143570611654575,93.4727695090133,99.8648623946706,9.33683317658834,0.024319199212446,0.024319199212446,true,/guru/score/history/?symbols=YTEN
