date,open,high,low,close,adjClose,volume,symbol,technicals_ema8,technicals_sma20,technicals_sma50,technicals_stddev20,technicals_rsi14,technicals_cci50,technicals_cci5,technicals_snapback,technicals_hasCherries,technicals_avgVolume,technicals_macd,technicals_macdSignal,technicals_macdHistogram,technicals_atr8,technicals_ema8w,technicals_sma20w,technicals_ema8m,technicals_cci50w,technicals_cci5w,scores_ema8,scores_sma20,scores_sma50,scores_ema8w,scores_sma20w,scores_ema8m,scores_snapback,scores_snapStrength,scores_snapTiming,scores_guruScoreEMA8,scores_guruScoreSMA20,scores_guruScoreSMA50
2017-06-22T04:00:00.000Z,31.6,32.740002,31.52,32.709999,32.709999,31458300,ATUS,,,,,,,,,,,,,,,,,,,,,,,,,,,,,,,
2017-06-23T04:00:00.000Z,32.68,35.290001,32.599998,34.299999,34.299999,5375500,ATUS,,,,,,,,,,,,,,,,,,,,,,,,,,,,,,,
2017-06-26T04:00:00.000Z,35.080002,35.189999,33.529999,33.900002,33.900002,1792800,ATUS,,,,,,,,,,,,,,,,,,,,,,,,,,,,,,,
2017-06-27T04:00:00.000Z,33.889999,34.055,32.66,32.860001,32.860001,2619500,ATUS,,,,,,,,,,,,,,,,,,,,,,,,,,,,,,,
2017-06-28T04:00:00.000Z,32.970001,33.189999,32.630001,32.91,32.91,4455100,ATUS,,,,,,,-44.91207910891106,,,,,,,,,,,,,,,,,,,,,,,,
2017-06-29T04:00:00.000Z,32.830002,32.860001,32.41,32.68,32.68,2115400,ATUS,,,,,,,-86.03254381046672,,,,,,,,,,,,,,,,,,,,,,,,
2017-06-30T04:00:00.000Z,32.619999,32.790001,32.009998,32.299999,32.299999,2491100,ATUS,,,,,,,-91.76528468717794,,,,,,,,,,,,,,,,,,,,,,,,
2017-07-03T04:00:00.000Z,32.34,32.439999,31.9,31.9,31.9,917000,ATUS,32.94499999999999,,,,,,-112.0228884736406,,,,,,,,,,,,,87.10184730051164,,,,,,,,,,,
2017-07-05T04:00:00.000Z,31.790001,32.080002,31.110001,31.200001,31.200001,1762900,ATUS,32.55722244444444,,,,,,-132.524896262957,,,,,,,1.1368755,,,,,,76.80711894820232,,,,,,,,,,,
2017-07-06T04:00:00.000Z,31.120001,32.509998,30.66,31.879999,31.879999,1430700,ATUS,32.406728345679014,,,,,,-64.04881591924143,,,,,,,1.2260158125000002,,,,,,95.99280612368642,,,,,,,,,,,
2017-07-07T04:00:00.000Z,31.959999,32.689999,31.58,32.450001,32.450001,1409400,ATUS,32.41634449108368,,,,,,57.90967693675918,,,,,,,1.2115137109375005,,,,,,99.0824771224218,,,,,,,,,,,
2017-07-10T04:00:00.000Z,32.48,32.73,31.51,32.27,32.27,972900,ATUS,32.38382349306508,,,,,,57.124948426684426,,,,,,,1.2125744970703123,,,,,,98.80709595174534,,,,,,,,,,,
2017-07-11T04:00:00.000Z,32.240002,32.240002,31.275,31.75,31.75,709100,ATUS,32.24297382793951,,,,,,-26.10236607790596,,,,,,,1.1853776849365238,,,,,,96.31463760597904,,,,,,,,,,,
2017-07-12T04:00:00.000Z,32.220001,32.369999,31.48,31.9,31.9,747600,ATUS,32.16675742173073,,,,,,-12.015050962053252,,,,,,,1.1484553493194583,,,,,,98.06932368474293,,,,,,,,,,,
2017-07-13T04:00:00.000Z,31.92,32.060001,31.5,31.549999,31.549999,916100,ATUS,32.029699994679454,,,,41.98894806324528,,-85.2375005118712,,,,,,,1.0748985556545259,,,,,,96.41430248646583,,,,,,,,,,,
2017-07-14T04:00:00.000Z,31.4,32,31.4,31.790001,31.790001,193100,ATUS,31.976433551417355,,,,43.98852494894284,,-55.309734121698234,,,,,,,1.0155362361977103,,,,,,98.4874471824511,,,,,,,,,,,
2017-07-17T04:00:00.000Z,31.530001,32.215,31.530001,31.91,31.91,1521100,ATUS,31.961670539991275,,,,45.009147751367486,,70.50267628829428,,,,,,,0.9742190816729971,,,,,,99.02370199614269,,,,,,,,,,,
2017-07-18T04:00:00.000Z,32.150002,32.189999,31.67,32.009998,32.009998,1033900,ATUS,31.97240997554877,,,,45.89392241662591,,81.04983455210387,,,,,,,0.9174415714638723,,,,,,99.06880425019334,,,,,,,,,,,
2017-07-19T04:00:00.000Z,32.009998,32.099998,31.33,31.639999,31.639999,677600,ATUS,31.898540869871265,,,,43.12886486231362,,-67.14523275718393,,,,,,,0.8990111250308884,,,,,,98.10435303804908,,,,,,,,,,,
2017-07-20T04:00:00.000Z,31.59,31.737,30.780001,31.440001,31.440001,660600,ATUS,31.796643121010984,32.267499949999994,,1.536449010870919,41.66750790787582,,-156.3759925905413,,,3162985,,,,0.9062596094020273,,,,,,97.44920614949642,91.53104085751096,,,,,,,,,,
2017-07-21T04:00:00.000Z,31.309999,31.440001,31.030001,31.1,31.1,583000,ATUS,31.6418335385641,32.187,,1.6025619301618732,39.233697483138116,,-98.53272388725748,,,1619220,,,,0.844227158226774,,,,,,95.68311944919597,85.29440908883849,,,,,,,,,,
2017-07-24T04:00:00.000Z,31.15,31.299999,30.879999,30.959999,30.959999,503900,ATUS,31.490314752216523,32.019999999999996,,1.3655775613291312,38.243142873789694,,-85.71333631667957,,,1375640,,,,0.791198763448427,,,,,,95.78601095364266,85.89975392204012,,,,,,,,,,
2017-07-25T04:00:00.000Z,30.870001,31.200001,30.73,31.08,31.08,397200,ATUS,31.399133696168406,31.878999900000004,,1.1203198022001897,39.649635603573586,,-80.63943313505592,,,1305860,,,,0.7510490430173736,,,,,,97.68938509409935,91.88622459393817,,,,,,,,,,
2017-07-26T04:00:00.000Z,31,31.9,30.969999,31.6,31.6,408000,ATUS,31.443770652575427,31.815999850000004,,1.0306968473814027,45.447524999792,,119.92786170457534,,,1195285,,,,0.7734180376402016,,,,,,98.61411447826146,98.33496366914618,,,,,,,,,,
2017-07-27T04:00:00.000Z,31.75,34.060001,31.684,33.880001,33.880001,1944000,ATUS,31.985155174225333,31.864499900000006,,1.2905734599788048,62.47167905958443,,166.66666666666703,,,1069730,,,,0.9842409079351762,,,,,111.86548361267029,51.2103420686999,44.8247717034302,,,,,,,,,,
2017-07-28T04:00:00.000Z,33.759998,33.939999,32.169998,32.57,32.57,780400,ATUS,32.11512069106415,31.858999900000008,,1.2774963214039838,52.36100073824994,,71.65195469165694,,,1002980,,,,1.0824609194432793,,,,,73.71783326770664,96.6631349735467,93.41352230229575,,,,,,,,,,
2017-07-31T04:00:00.000Z,32.82,34.860001,32.82,33.439999,33.439999,1901100,ATUS,32.409538093049896,31.91599990000001,,1.4422262099964038,57.303240795066536,,85.5855948648065,,,973480,,,,1.2334034295128689,,,,,160.160007568695,87.03823609752064,68.79285698137203,,,,,,,,,,
2017-08-01T04:00:00.000Z,33.290001,34.400002,32.849998,33.810001,33.810001,1030600,ATUS,32.72075207237214,32.01149995000001,,1.6616053191421685,59.239956383354745,,71.37730973349429,,,979160,,,,1.2729785008237604,,,,,166.61148955875302,85.73368062325251,56.06752014335754,,,,,,,,,,
2017-08-02T04:00:00.000Z,33.459999,34,32.48,32.619999,32.619999,2013300,ATUS,32.698362500733886,32.082499850000005,,1.6380221008893026,51.1965512236071,,-58.01797879368204,,,991680,,,,1.3038561882207906,,,,,99.1175444930847,98.9392542651277,95.81717985253131,,,,,,,,,,
2017-08-03T04:00:00.000Z,32.5,32.779999,32.07,32.349998,32.349998,310700,ATUS,32.620948167237465,32.105999800000006,,1.6392123552493474,49.5525813186921,,-112.18332888319654,,,935680,,,,1.2296240396931912,,,,,34.60936507429172,98.06686686414841,98.19593133620349,,,,,,,,,,
2017-08-04T04:00:00.000Z,32.450001,32.93,32.150002,32.48,32.48,167100,ATUS,32.5896263522958,32.10749975,,1.640523090664233,50.37879018192406,,-72.97189103064612,,,873565,,,,1.173420784731542,,,,,49.13259151132654,98.82573477568164,97.35620865236173,,,,,,,,,,
2017-08-07T04:00:00.000Z,32.75,32.75,31,31.08,31.08,613200,ATUS,32.2541538295634,32.04799975000001,,1.6979472583093744,42.337296763054084,,-122.06570841323575,,,855580,,,,1.2454931866400993,,,,,-50.23257348835601,82.73826538199314,88.33326298384263,,,,,,,,,,
2017-08-08T04:00:00.000Z,30.91,31.469999,30.9,31.049999,31.049999,522100,ATUS,31.9865638674382,32.01299970000001,,1.7491612867887996,42.18191228980749,,-108.91020674123881,,,846230,,,,1.1610564133100874,,,,,-94.98627839501671,89.04270031582311,88.42956427105105,,,,,,,,,,
2017-08-09T04:00:00.000Z,31,32,30.299999,31.09,31.09,2489600,ATUS,31.787327452451933,31.972499700000007,,1.794668802314531,42.48501186695993,,-74.99999722222226,,,933330,-0.2629926689953521,-0.14982963365489255,-0.11316303534045957,1.2284244866463265,,,,,-93.17330354971223,93.60591868663246,90.24996046711189,,,,,,,,,,
2017-08-10T04:00:00.000Z,30.91,32,30.75,31.040001,31.040001,704600,ATUS,31.621254907462614,31.946999800000007,,1.8320601865663004,42.18731201747711,,-42.16230922835932,,,922755,-0.30937318761952426,-0.1817383444478189,-0.12763484317170537,1.2311214258155356,,,,,-75.7093757462693,95.20166945165889,89.69514811198198,,,,,,,,,,
2017-08-11T04:00:00.000Z,31.09,31.549999,30.879999,31.49,31.49,371800,ATUS,31.592087150248698,31.93199975000001,,1.841842707725369,45.8640568623046,,8.250630330281682,,,931690,-0.3062882242895206,-0.20664832041615924,-0.09963990387336139,1.1609812475885934,,,,,-66.83418646950693,98.84187417251799,96.75773940860122,,,,,,,,,,
2017-08-14T04:00:00.000Z,31.700001,31.9,31.15,31.34,31.34,574500,ATUS,31.536067783526764,31.903499750000016,,1.8598740556820772,44.84035437183524,,134.39426858712304,,,884360,-0.3123465780989001,-0.22778797195270742,-0.08455860614619268,1.1096085916400193,,,,,-47.58903345100467,98.42741219459215,95.48193335298316,,,,,,,,,,
2017-08-15T04:00:00.000Z,31.67,31.754999,30.940001,31.02,31.02,411200,ATUS,31.42138605385415,31.853999850000015,,1.898203500365144,42.65311914869244,,-33.43944818577815,,,853225,-0.33906071195982435,-0.2500425199541308,-0.08901819200569355,1.0727822676850174,,,,,-67.28040602664103,97.05559750053813,91.19277665660947,,,,,,,,,,
2017-08-16T04:00:00.000Z,31.059999,31.16,30.469999,30.549999,30.549999,2357700,ATUS,31.227744486331005,31.79949985000001,,1.9804595172331474,39.5979670777249,,-166.6666666666673,,,937230,-0.3936196064439095,-0.27875793725208653,-0.11486166919182295,1.02493460922439,,,,,-109.10963799970337,93.72224342560898,79.62429218878782,,,,,,,,,,
2017-08-17T04:00:00.000Z,30.5,30.66,29.99,30.34,30.34,1434200,ATUS,31.030467933813004,31.74449980000001,,2.0761261896133356,38.27867175112705,,-117.4346009947825,,,975910,-0.4486315425047316,-0.31273265830261554,-0.13589888420211604,0.9805677830713415,32.005999875,,,,-134.4716370079298,93.44717055286347,73.57328002692667,,62.47160170437917,,,,,,,,
2017-08-18T04:00:00.000Z,30.459999,30.6,30.08,30.41,30.41,230400,ATUS,30.892586170743446,31.70999980000001,,2.139775899480901,39.00814019071107,,-72.96608893968417,,,958280,-0.4810354064554616,-0.34639320793318473,-0.13464219852227688,0.9229968101874242,31.928146222560976,,,,-119.93129970778902,96.20628657815114,77.64142484630547,,69.07743722175523,,,,,,,,
2017-08-21T04:00:00.000Z,30.42,30.75,30.32,30.719999,30.719999,754300,ATUS,30.854233466133792,31.69799980000001,,2.159070396443694,42.262575101064805,,-13.658493846219093,,,970800,-0.47621189922078955,-0.3723569461907057,-0.10385495303008385,0.8613722089139961,31.869212211704344,,,,-92.56907869764623,98.69921038333112,87.81627985766313,,83.08647684764571,,,,,,,,
2017-08-22T04:00:00.000Z,30.73,30.870001,30.601,30.860001,30.860001,580300,ATUS,30.855515140326283,31.686999850000007,,2.1737443797282854,43.723046063244944,,85.76998923923139,,,979955,-0.45583763116831477,-0.3890530831862275,-0.06678454798208727,0.7873258077997465,31.819982396499253,,,,-72.53431422501372,99.1671320636223,91.24568112122768,,88.36112334848819,,,,,,,,
2017-08-23T04:00:00.000Z,30.75,31.120001,30.75,30.889999,30.889999,636600,ATUS,30.863178220253776,31.651499800000003,,2.2012841457660253,44.049619835093935,,107.06212356781487,,,991385,-0.4322871518546272,-0.3976998969199074,-0.03458725493471976,0.735160206824778,31.77461735276758,,,,-57.038557341205724,99.09907835889678,92.47323597747494,,90.08453952638969,,,,,,,,
2017-08-24T04:00:00.000Z,30.809999,31.139999,30.68,30.690001,30.690001,269800,ATUS,30.824694393530713,31.49199980000001,,1.9838203948945399,42.28771294993771,,52.54995410194782,,,907675,-0.4248638287244795,-0.40313268328082186,-0.021731145443657618,0.7007650559716807,31.721709237998432,,,,-61.39145825361143,98.6966550619522,91.64112577281342,,86.41270646148345,,,,,,,,
2017-08-25T04:00:00.000Z,30.719999,31.08,30.5,30.68,30.68,393000,ATUS,30.792540083857222,31.397499800000002,,1.9491726983521513,42.19682150977414,,-19.167769492886904,,,888305,-0.41500388235499486,-0.40550692309565645,-0.009496959259338411,0.6856694239752203,31.670894153218022,,,,-65.82896563452333,98.78958954380441,93.13491618959782,,87.46212247215507,,,,,,,,
2017-08-28T04:00:00.000Z,30.73,31.17,30.73,31.049999,31.049999,385600,ATUS,30.849753176333394,31.277999800000003,,1.7122920232253132,46.75633529677527,,110.37105166121036,,,812530,-0.37303387443183667,-0.3990123133628925,0.025978438931055836,0.6612107459783181,31.640606584768364,,,,-47.1694275569173,98.38371537767162,98.2502671939201,,95.08706736051445,,,,,,,,
2017-08-29T04:00:00.000Z,31.02,31.139999,30.790001,30.85,30.85,360800,ATUS,30.849808026037085,31.129999750000007,,1.2644202877205954,44.70365278779466,,39.950154769154096,,,779040,-0.35185462748997054,-0.3895807761883081,0.03772614869833757,0.6223091527310283,31.602040409901615,,,,-51.32069413361572,99.17968880911579,97.93357288285961,,92.62070758970573,,,,,,,,
2017-08-30T04:00:00.000Z,30.73,31.139999,30.73,31,31,379700,ATUS,30.883184020251065,31.048999800000008,,1.0638962028312908,46.5972729569771,,56.516629550122516,,,697360,-0.3192856490883358,-0.3755217507683136,0.056236101679977835,0.5957703836396496,31.572672585028364,,,,-46.482338357999566,98.77341915442128,99.02771376857235,,95.29809223769695,,,,,,,,
2017-08-31T04:00:00.000Z,30.950001,31.309999,30.42,30.51,30.51,525400,ATUS,30.80025423797305,30.956999900000007,31.757999880000003,0.9042146302726402,41.58718391370982,-88.86062581029884,-85.5856988069451,-3.2749270033537385,false,708095,-0.32921837941083254,-0.3662610764968174,0.037042697085984844,0.6325489606846934,31.52083489795381,,,,-60.65946410629053,97.84659807104701,96.58047213308379,79.61966743363246,86.80559714682155,,,0.004317705586354137,46.217812502256095,99.86486239467057,2.6927914160769832,2.681126130505987,2.513974821436201
2017-09-01T04:00:00.000Z,30.52,30.889999,30.495001,30.5,30.5,366400,ATUS,30.733531073979037,30.857999900000003,31.713799900000005,0.5968785625230166,41.48914285112767,-95.49981758048264,-113.98955730353697,18.489739723054328,false,718060,-0.3340463774764828,-0.3598181366927505,0.025771759216267676,0.6028550905991068,31.471038073663383,,,,-68.7661149777615,98.19614306589301,97.35624103836409,80.75922293199825,87.81525485539056,,,0.04972215214434916,67.66380502801539,99.86486239467057,6.913005803802791,6.893239647567499,6.4768845422767525
2017-09-05T04:00:00.000Z,30.6,30.959999,29.83,30.01,30.01,1369500,ATUS,30.572746390872584,30.804499900000003,31.62799992,0.6919385634575174,36.89883404357698,-124.63206847567454,-141.85550919380634,17.223440718131798,false,755875,-0.3731105198073905,-0.3624766133156785,-0.01063390649171203,0.6687480792742186,31.399767923728582,,,,-106.32506004874959,95.19166058342535,91.43960163240833,63.8222634535352,73.5515920982369,,,0.0411625561090867,99.80491745843909,99.86486239467057,7.312811734712428,7.215440785663683,6.400425192576508
2017-09-06T04:00:00.000Z,30.07,30.68,29.82,30.290001,30.290001,2503800,ATUS,30.509914081789788,30.7665,31.5557999,0.716861819320596,40.92124952627366,-123.06938721755252,-83.78515927049625,-39.284227947056266,false,854960,-0.37712809548195025,-0.36540690974893286,-0.011721185733017392,0.6926545693649413,31.345632951839384,,,,-110.15258113647508,98.26431810486913,96.25026143994096,78.6832424926476,85.38096875323757,,,0.7640348805893704,99.70724020443367,99.86486239467057,19.561939380540217,19.42736649285643,18.165222010312455
2017-09-07T04:00:00.000Z,30.379999,30.780001,27.82,29.25,29.25,6258200,ATUS,30.22993317472539,30.674500000000002,31.48359988,0.9586755801620045,32.60705811054505,-204.48987275840355,-166.66666666666637,-37.82320609173718,false,1043390,-0.45894105539242247,-0.3841137388776308,-0.07482731651479169,0.9760728731943235,31.243406954188682,,,,-241.69693160592672,86.50646673330232,70.62391888190862,33.07675299028126,43.95542936347372,,,0.6449728829752921,99.99997114842097,99.86486239467057,17.736311249591783,16.576686126637014,12.873245951868242
2017-09-08T04:00:00.000Z,29.35,29.389999,27.610001,28.190001,28.190001,1992700,ATUS,29.776614913675303,30.532000000000004,31.389199899999998,1.4302666632481913,26.661282096506206,-267.99896892121046,-123.15847067735645,-144.84049824385403,false,1107795,-0.6023677555457283,-0.42776454221125026,-0.17460321333447804,1.076563514045033,31.09446032227704,,,,-320.31171855704815,60.58983085153945,25.198543373435854,4.678934735183282,9.072487859740585,,,97.5724905608746,99.99997114842097,99.86486239467057,83.92841119589801,62.64708973145616,35.740290999755445
2017-09-11T04:00:00.000Z,28.450001,29.15,28.235001,28.66,28.66,1002900,ATUS,29.528478266191904,30.390500000000003,31.3087999,1.5757213357694273,32.53547937503441,-228.47738929832633,-65.47619271392821,-163.00119658439812,true,1139350,-0.6703817142920983,-0.47628797662741984,-0.1940937376646784,1.0619929497894038,30.975706160214745,,,,-237.74100523736507,88.94367321127092,54.86750410339325,16.253406649959434,27.747754167999084,,,98.56241747870982,99.99997114842097,99.78085783092105,95.70664543708618,81.47208089424583,54.31067590317018
2017-09-12T04:00:00.000Z,29.73,30.059999,29.25,29.5,29.5,1770700,ATUS,29.522149762593703,30.2985,31.252799919999998,1.5579890012447704,41.54683773605189,-143.2716699624091,42.18756792090597,-185.45923788331507,true,1199160,-0.6490207792439051,-0.5108345371507169,-0.1381862420931882,1.1042437060657284,30.903720493862807,,,,-109.429932446047,99.11056917222977,91.08201002783358,56.222668897714655,72.00886418976854,,,98.56241747870982,99.99954875252507,52.9064685236317,99.22241331092934,96.46742020800232,82.13727332946394
2017-09-13T04:00:00.000Z,29.469999,29.83,29.209999,29.690001,29.690001,2170300,ATUS,29.55945003757288,30.232000050000003,31.208599939999996,1.5425895472223694,43.38879071003549,-138.59066587157778,68.57003873617754,-207.16070460775532,true,1287115,-0.6097319807959565,-0.5306140258797648,-0.07911795491619167,1.0437133678075121,30.84451466489389,,,,-99.6334259668286,98.69034836067848,95.3800869609075,67.49469438518722,81.66827762738536,,,98.56241747870982,99.99743059266962,82.95363483949517,99.08128339885907,97.96087013056228,87.29511493375843
2017-09-14T04:00:00.000Z,29.629999,29.844999,29.120001,29.48,29.48,1433000,ATUS,29.541794473667796,30.178500100000008,31.174199919999996,1.568760555724948,41.820209909339965,-138.1891834160118,45.67023626399622,-183.85941968000802,true,1240880,-0.5887538625726805,-0.542241993218348,-0.04651186935433249,1.0038739468315736,30.777952973923455,,,,-98.41493062867842,98.97298555299605,92.97827865266144,58.94580915343559,76.2120222025234,,,98.56241747870982,99.99703733975744,57.495667784230534,99.17564883525488,97.13147726714178,83.44182700152857
2017-09-15T04:00:00.000Z,29.25,29.27,27.27,27.299999,27.299999,5102200,ATUS,29.04361770174162,30.026500050000003,31.082599919999996,2.0051261539862297,29.783158506589498,-239.9448259706617,-124.50523186244452,-115.43959410821718,false,1424280,-0.7395117829097444,-0.5816959511566273,-0.1578158317531171,1.154639703477627,30.608296682512556,,,,-215.30754044654466,49.944966046814244,10.8950945060055,0.6797216758310132,2.721492245229873,,,77.2613996137738,99.99997114842097,99.86486239467057,72.80335433104662,43.825930858301255,17.381924337978003
2017-09-18T04:00:00.000Z,27.24,27.73,26.49,26.719999,26.719999,2573200,ATUS,28.527257990243484,29.842000000000006,30.967999879999997,2.4579554951216402,27.51410237386508,-284.99877713207763,-115.44423434023554,-169.5545427918421,true,1541420,-0.8954672842232831,-0.6444502177699585,-0.25101706645332467,1.1653097405429238,30.418623624829017,,,,-238.73047192421834,44.66695785115738,3.7154390192885134,0.10110895596540104,0.687686602693649,,,98.56241747870982,99.99997114842097,99.86486239467057,76.07334837680762,33.207826639827225,9.988500198352792
2017-09-19T04:00:00.000Z,26.75,27.299999,26.110001,26.99,26.99,1874300,ATUS,28.18564510352271,29.655500050000008,30.862399879999998,2.715698923260553,30.180786061915715,-270.4032655662428,-82.41222730518074,-187.99103826106204,true,1597420,-0.9859113461159623,-0.7127424434391593,-0.27316890267680305,1.1683957729750583,30.25137369191053,,,,-207.29218996679978,75.90300020005647,11.598766804311145,0.4410398383790648,2.791473391798882,,,98.56241747870982,99.99997114842097,99.86486239467057,90.77997415220551,48.53343308806014,16.32035798412724
2017-09-20T04:00:00.000Z,26.9,27.809999,26.9,27.35,27.35,817500,ATUS,27.999946191628773,29.480000000000008,30.774399879999997,2.832793878840831,33.68393454882874,-213.85117542284937,-29.86192991087668,-183.98924551197268,true,1609280,-1.0168186727143187,-0.7735576892941911,-0.24326098342012759,1.1360961763531763,30.109843267914894,,,,-148.25262498041084,92.94225202664263,31.20333452252838,2.0134832015748505,10.269088971808271,,,98.56241747870982,99.99997114842097,95.17500617114646,97.11988013293998,67.5000471631229,27.07404070157139
2017-09-21T04:00:00.000Z,27.299999,27.620001,26.92,26.940001,26.940001,837600,ATUS,27.764402815711268,29.28250010000001,30.675199899999992,2.959965517704083,31.73123448905613,-206.65784321328178,-18.241982802863856,-188.41586041041793,true,1619330,-1.0621526103886545,-0.8312766735130838,-0.23087593687557073,1.081584279309029,29.955216815821483,,,,-140.6093614490696,88.72992099542753,21.189533206834334,0.674351408312468,5.194312759684494,,,98.56241747870982,99.99997114842097,89.87980763648342,95.62991553695312,59.33043562690664,18.801788521659315
2017-09-22T04:00:00.000Z,26.889999,27.360001,26.872,27.299999,27.299999,430100,ATUS,27.66120196777543,29.113000000000007,30.590199899999995,3.006048086108679,35.27903880100124,-187.92983865596736,33.96470120452263,-221.89453986049,true,1627345,-1.0568485603000148,-0.87639105087047,-0.18045750942954486,1.0073863693954004,29.82569399553751,,,,-123.01671984911376,96.97872266673525,46.375234098297824,2.8566359462941726,16.175414996727653,,,98.56241747870982,99.99997114842097,42.02802335981176,98.50597193735315,77.03104311416861,30.422066139925814
2017-09-25T04:00:00.000Z,27.32,28.379999,27.32,27.67,27.67,1182700,ATUS,27.66315708604756,28.962500000000006,30.507799879999993,2.97843517572533,38.79935059960255,-143.73825256202244,140.99590569325972,-284.7341582552822,true,1666830,-1.011133357976437,-0.9033395122916634,-0.10779384568477357,1.0164630732209756,29.720538190877143,,,,-81.6499427058349,99.15782303262455,73.07005498668677,9.329182810598624,35.95136217717493,,,98.56241747870982,99.99962360303296,99.86486239467057,99.23820462745755,89.63611989739447,45.135449501257035
2017-09-26T04:00:00.000Z,27.799999,28.139999,27.639999,27.690001,27.690001,1117200,ATUS,27.669122400259212,28.79450010000001,30.42339989999999,2.865397102740954,38.9925263948305,-132.5335363189949,87.34901363326672,-219.88254995226163,true,1703410,-0.9621981953813084,-0.9151112489095924,-0.04708694647171596,0.9519051890683536,29.621487596200208,,,,-72.75062802111856,99.11015482709998,80.66672921914737,11.627591028886087,41.752718017054406,,,98.56241747870982,99.98032919171187,94.27516992113023,99.21591790869502,92.63464733788372,48.5704230109389
2017-09-27T04:00:00.000Z,27.84,28.23,27.639999,27.85,27.85,727200,ATUS,27.709317422423833,28.64450010000001,30.340199939999987,2.730183267913997,40.60754741687933,-120.6088301007475,69.34791174348479,-189.95674184423228,true,1721730,-0.9001300059363366,-0.9121150003149412,0.011984994378604563,0.9066671654348095,29.53507356711727,,,,-62.46068168273455,98.59867975501444,90.15679176651119,18.860815280009756,54.691379279010135,,,98.56241747870982,99.46252116601887,83.60280468973158,98.87366593243041,95.96725806153127,56.96967703366659
2017-09-28T04:00:00.000Z,27.82,27.950001,26.700001,27,27,1282200,ATUS,27.551691328551872,28.44450010000001,30.24739995999999,2.593279937915951,35.26631408146724,-143.5130973881421,-79.08522974103728,-64.42786764710483,false,1766855,-0.9090494585827393,-0.9115018919685008,0.00245243338576151,0.9495837697554583,29.411411441892035,,,,-88.33801679341289,94.5094745470072,64.38152716480423,2.9082539332709434,18.954914205999906,,,8.410079275058745,99.99958910046638,99.86486239467057,42.995653197213805,37.831467932987344,13.473389856126555
2017-09-29T04:00:00.000Z,26.780001,27.549999,26.719999,27.309999,27.309999,1734600,ATUS,27.49798192220701,28.28450005000001,30.164799919999993,2.4549666706898465,38.44622903867614,-134.7299844911012,-85.88528063480676,-48.84470385629443,false,1827315,-0.8809488307862416,-0.905391279732049,0.024442448945807382,0.9346357985360259,29.308903517897303,,,,-82.66933574318176,98.32712641496532,84.65760727434584,8.293367707883736,37.143658752369525,,,2.131566604379398,99.99033052238451,99.86486239467057,27.570422378360693,26.228551105488176,12.091010851222583
2017-10-02T04:00:00.000Z,27.610001,28.07,27.309999,27.530001,27.530001,902100,ATUS,27.505097272827676,28.136000100000008,30.093399939999994,2.2518477238033716,40.67355863039538,-108.15593957165368,19.346703394865226,-127.5026429665189,false,1854100,-0.83134334939826,-0.8905816936652913,0.05923834426703123,0.9128064487190225,29.222127785316946,,,,-56.445220175748084,99.09553003065233,93.80333226400337,15.69055640786905,53.33816778037587,,,89.43703389245026,93.48595310074029,50.86869013277021,93.92314020460726,92.2204714543731,50.812125738880944
2017-10-03T04:00:00.000Z,27.59,27.66,27.200001,27.25,27.25,1117800,ATUS,27.448408989977082,27.998000100000006,30.019199959999995,2.1093283958641287,38.751629249059306,-112.38792353934446,-25.696606271061828,-86.69131726828263,false,1841515,-0.8053409198276356,-0.8735335388977601,0.06819261907012453,0.8562055176291447,29.12592642993563,,,,-65.46276843608189,98.26079413735265,90.84634087560843,9.85418085570755,43.003003543767534,,,32.622479928690495,96.89555459712537,93.614818913304,67.72261173223976,65.97449707587577,31.463989227202774
2017-10-04T04:00:00.000Z,27.34,27.6,26.879999,27.02,27.02,663300,ATUS,27.3532069922044,27.83450005000001,29.93799996,1.8662744787939383,37.1967963255898,-113.70152215394623,-66.96432105650328,-46.73720109744295,false,1749490,-0.7941385499950684,-0.8576545411172217,0.06351599112215334,0.8391799529255015,29.023198311402187,,,,-71.997101148987,97.21089617964746,89.05596877861343,6.697262634524215,35.91156389490779,,,1.7210004479187857,97.58731225236315,99.81270951434576,25.3685958094794,24.638397497856996,10.39977372449529
2017-10-05T04:00:00.000Z,26.99,28.450001,26.82,28.24,28.24,1239100,ATUS,27.550272105047867,27.78400005000001,29.87079996,1.762083269995421,48.90716221174222,-82.75568575555954,111.48650487478862,-194.24219063034815,true,1498535,-0.6789898152260179,-0.821921595938981,0.14293178071296309,0.9380325838098138,28.98499351572403,,,,-30.28482794854456,91.90320285302747,95.93774648206579,58.55821755629903,91.49512711288823,,,98.56241747870982,27.302393309914883,99.14111851429722,62.76934125575636,63.67474184570072,54.013207935021214
2017-10-06T04:00:00.000Z,28.200001,28.41,27.59,27.93,27.93,614300,ATUS,27.634656081703895,27.771000000000004,29.75179994,1.7537266856608216,46.53286540022347,-73.72273572407249,96.08236823727758,-169.80510396135008,true,1429615,-0.6057651390938474,-0.7786903045699543,0.1729251654761068,0.9232785108335871,28.93353041739603,,,,-16.669360294190877,97.57238430571614,98.50338136093163,48.032786872246035,84.4383976829413,,,98.56241747870982,8.747981513210568,96.92172609174023,43.8176121704133,43.95653468989767,34.59810637541284
2017-10-09T04:00:00.000Z,27.959999,28.08,27.15,27.219999,27.219999,566700,ATUS,27.542510063547475,27.698999950000008,29.64479992,1.7197318045550911,41.55679474341929,-89.27692515099581,-20.42490828844477,-68.85201686255104,false,1407805,-0.5981303285732693,-0.7425783093706173,0.144447980797348,0.9241186969793888,28.849943518986468,,,,-47.206224491734865,97.32966041241049,95.62075126546678,19.165708691468165,55.57123386915859,,,11.630432971530825,47.597577802951974,91.10898813267865,37.7695648337422,37.547206302026204,21.973633300020285
2017-10-10T04:00:00.000Z,27.09,27.174999,26.360001,26.75,26.75,1398600,ATUS,27.36639671609248,27.561499950000005,29.51099994,1.5534646518665287,38.61315481475495,-113.40757906505878,-118.42861777336611,5.02103870830733,false,1389200,-0.6228251370990456,-0.718627674916303,0.09580253781725734,0.9161036098569653,28.747507249767615,,,,-103.2724016869651,93.30691312874674,88.91972802282704,8.974397648070198,35.22022910242934,,,0.005827059763552356,97.44495566533053,99.86486239467057,3.7558440585172193,3.696031410989944,1.7208303136110579
2017-10-11T04:00:00.000Z,26.73,26.73,25.695,25.860001,25.860001,1098900,ATUS,27.031642112516373,27.369999950000004,29.35199994,1.392652080025453,33.73946287419052,-133.94695498854978,-117.95456393284962,-15.992391055700153,false,1335630,-0.706072270421533,-0.716116594017349,0.010044323595815974,0.9334656586248445,28.606653286364317,,,,-159.43109879780022,74.73798374331776,57.66010894615321,0.9167352829434927,7.485192923381723,,,0.034170401806243866,99.98749933218738,99.86486239467057,6.3442320071998015,5.818670309165108,1.4631198859712569
2017-10-12T04:00:00.000Z,25.629999,25.879999,24.559999,25.15,25.15,1769100,ATUS,26.61349942084607,27.153499950000004,29.20259996,1.3591360231408383,30.438777564004166,-161.19057599473769,-118.75102395780814,-42.43955203692954,false,1352435,-0.8198862321936033,-0.7368705216525998,-0.08301571054100354,0.981782451296739,28.43803605288313,,,,-220.7806515849664,57.94025518300757,29.06903734277502,0.08135275391587538,1.3045901445592811,,,1.0889927745965755,99.99997114842097,99.86486239467057,18.478572810571645,14.683125390614455,2.069183678115572
2017-10-13T04:00:00.000Z,25.1,25.120001,24.43,24.58,24.58,1313600,ATUS,26.161610660658052,27.017500000000005,29.047200000000004,1.7588504166069745,28.06504253175797,-170.16368022314606,-101.83491568821786,-68.3287645349282,false,1163005,-0.9451833676880383,-0.7785330908596875,-0.16665027682835087,0.9490596448846464,28.249839172254685,,,,-230.12402653537302,49.27332549537975,11.337520807266,0.008783980663285007,0.25848732907669536,,,11.209379570220568,99.99997114842097,99.86486239467057,38.08299608436357,23.33636357715711,2.1433393651152977
2017-10-16T04:00:00.000Z,24.709999,25,24.299999,24.6,24.6,1009300,ATUS,25.814586069400708,26.911500050000008,28.8896,2.0493342117374067,28.27639482617362,-164.3506837045656,-74.28873012453643,-90.06195358002917,false,1084810,-1.0309838770618711,-0.8290232481001242,-0.20196062896174694,0.9179273142740657,28.071798237022747,,,,-209.05680189350016,69.77655706765007,15.016966282769639,0.020059485468371108,0.5432259290364616,,,37.831142867732694,99.99997114842097,99.86486239467057,64.14846828352326,38.44240182415755,4.2337288657667465
2017-10-17T04:00:00.000Z,24.469999,24.66,24.33,24.49,24.49,603900,ATUS,25.520233609533882,26.786500050000008,28.757800000000003,2.3040769868642035,27.79272884864789,-160.90432089978174,-71.5309530373306,-89.37336786245113,false,1021290,-1.095232323128986,-0.8822650631058966,-0.2129672600230894,0.8444363999898077,27.897076371802125,,,,-194.4783872385082,78.38402133082224,15.166008999869263,0.02029650257084903,0.6473765634391171,,,36.74518975586485,99.99997114842097,99.86486239467057,66.04034040273666,38.196528419927716,4.20927395767697
2017-10-18T04:00:00.000Z,24.58,24.75,24.49,24.65,24.65,734800,ATUS,25.326848362970797,26.651500050000003,28.62980002,2.466838222380699,29.676947069186827,-148.31365504439782,-36.87738913109969,-111.43626591329813,false,1017155,-1.1203246119493322,-0.9298769728745837,-0.1904476390747485,0.771381849991082,27.738682402445924,,,,-158.76208321262948,90.84085240627215,27.293559328223658,0.07878709942565898,1.998923342347636,,,71.92711686633828,99.99994115016516,97.10142232669553,86.77431603125972,58.11891847979879,8.275276295528256
2017-10-19T04:00:00.000Z,24.540001,25.6,24.42,25.52,25.52,1012200,ATUS,25.369770948977287,26.580500000000008,28.518400020000005,2.5108840475013996,38.998247986220605,-122.81974656494938,166.666666666666,-289.4864132316154,true,1025885,-1.057814871145336,-0.9554645525287342,-0.10235031861660171,0.8224591187421967,27.630453992570512,,,,-106.19978044236751,98.47346749681132,78.93284318404872,3.5493113567799384,25.61508973376796,,,98.56241747870982,99.6880786073591,99.86486239467057,98.90644701125926,91.8764288728715,32.671285573175425
2017-10-20T04:00:00.000Z,25.610001,26.290001,25.610001,26.02,26.02,626400,ATUS,25.514266293649,26.51650005000001,28.418000000000003,2.499490150690053,43.62327319729642,-90.81514720602189,138.92005168009618,-229.73519888611807,true,1035700,-0.9568990927815761,-0.9557514605793026,-0.0011476322022735408,0.8159018538994222,27.55189526122561,,,,-46.33089809117931,94.5987709581953,95.06340103833071,16.469941321063185,56.98473916689666,,,98.56241747870982,52.70788969633246,99.86486239467057,78.91462367788148,79.04361140583026,44.0649223454307
2017-10-23T04:00:00.000Z,26.059999,26.334999,25.24,25.6,25.6,783900,ATUS,25.533318228393668,26.413000050000004,28.3002,2.4711301169297863,40.82336033393268,-96.50436165452342,67.38584456764112,-163.89020622216452,true,1015760,-0.9004334648010612,-0.9446878614236544,0.04425439662259312,0.8507889971619945,27.456680858238997,,,,-57.416556275749365,98.91488338537943,87.87554765451435,7.831310009182468,38.02258975858258,,,98.56241747870982,70.61011278179437,81.93423020725791,88.29713900753019,84.88196645597861,37.914403073593036
2017-10-24T04:00:00.000Z,25.66,25.66,24.889999,25.110001,25.110001,523100,ATUS,25.439247733195074,26.284000050000003,28.17560002,2.4603526321238074,37.77698021683136,-111.29509200882326,-20.798859380122725,-90.49623262870054,false,986055,-0.8850209019695896,-0.9327544695328414,0.047733567563251755,0.8406904975167453,27.342208670032218,,,,-81.23373313341469,97.01024306830452,73.0181890196564,2.5461203556688794,19.335888915131882,,,38.52107345600646,96.20172778792676,91.30790220860148,71.10491396346691,64.68011302971784,21.13100051870243
2017-10-25T04:00:00.000Z,25.07,25.469999,24.66,25.4,25.4,953000,ATUS,25.43052601470728,26.16150005,28.063200020000004,2.3788926254454785,40.602072406207775,-109.5283563291442,-58.844302109526865,-50.68405421961734,false,997345,-0.8397260005834575,-0.9141487757429646,0.07442277515950713,0.8368540603271523,27.247466783689184,,,,-76.24318833459385,99.06632420648269,89.17137608869788,8.13567457925599,37.74708743044162,,,2.554848999249848,94.81699904636984,99.57073842460528,28.84424421330235,27.850028062915985,12.537617143764665
2017-10-26T04:00:00.000Z,25,25.01,23.684999,23.879999,23.879999,2410200,ATUS,25.08596445588344,26.0055,27.929800020000002,2.542089501964617,32.319302812680014,-141.37651509064904,-150.05162768433394,8.6751125936849,false,1053745,-0.9159226561859626,-0.9145035518315642,-0.0014191043543984039,0.9466224277862579,27.083200062533614,,,,-120.41148183213616,68.3342944900668,19.23388100159842,0.033696453196652154,0.9879188773440406,,,0.0107360090874975,99.99907129500737,99.86486239467057,4.186256652366327,2.743480771274439,0.3307305724259826
2017-10-27T04:00:00.000Z,24.209999,24.209999,22.74,23.690001,23.690001,1977100,ATUS,24.775750354576008,25.8245001,27.796800040000004,2.657656632523908,31.455501553839376,-158.530890589458,-113.1006992972222,-45.430191292235804,false,1065870,-0.9803395612171464,-0.9276707537086806,-0.05266880750846581,1.0120444993129758,26.91767815704417,,,,-139.8591528849792,74.12090553794943,18.242522963230435,0.022426947923537277,0.8279231453455771,,,1.5019514733179529,99.99997114842097,99.86486239467057,22.328805847515966,13.993087801503927,1.4990242210392082
2017-10-30T04:00:00.000Z,23.700001,23.93,23.459999,23.52,23.52,594000,ATUS,24.496694720225783,25.62400005,27.659000040000002,2.7171189106108202,30.66574631127677,-148.22366519502827,-70.8596611672333,-77.36400402779498,false,1050465,-1.0331980188772825,-0.9487762067424009,-0.08442181213488154,0.9442890618988538,26.751937759139576,,,,-124.00021883581849,78.96424437191133,18.823451510525203,0.016805210883963362,0.7498446815462967,,,20.073470189007047,99.99993888008858,99.86486239467057,54.11914065613598,33.55628058760495,3.2311371022164987
2017-10-31T04:00:00.000Z,23.889999,23.889999,23.15,23.68,23.68,1234800,ATUS,24.315207004620053,25.44550005,27.518200060000005,2.73538630650205,32.38636014061367,-144.12627258797178,-57.10073083035732,-87.02554175761446,false,1056315,-1.050073471244879,-0.9690356596428965,-0.08103781160198242,0.9187528041614972,26.602087136742522,,,,-117.09399092953619,91.22985009213721,35.37025263983977,0.07385532966982522,2.308852978987286,,,33.126029915918544,99.99967665962188,99.4915431816817,67.10707592135003,48.93302328668439,6.254365759918955
2017-11-01T04:00:00.000Z,23.83,24.959999,23.690001,24.940001,24.940001,3809800,ATUS,24.454050114704486,25.3415001,27.399800060000004,2.6446871510252405,44.14222951472142,-105.82482348583056,113.63916539071998,-219.46398887655056,true,1213640,-0.9508154299802385,-0.9653916137103649,0.014576183730126369,0.9639085786413101,26.521009764218498,,,,-63.39801192050673,94.57663004136434,96.13237424251953,11.683194770196703,50.616827515329156,,,98.56241747870982,90.63711878704818,99.2948690426586,94.5366970181449,95.05224287291837,47.082518438139935
2017-11-02T04:00:00.000Z,24.76,25.35,24.360001,24.5,24.5,2339400,ATUS,24.464261200325712,25.1545001,27.27200008,2.3056145116645372,41.43306748477202,-94.987376379446,97.03074565354575,-192.01812203299176,true,1268655,-0.8973134497303867,-0.9517759809143692,0.05446253118398248,0.9671698813111465,26.422423922061498,,,,-48.41961166955672,99.03984770855732,91.29634249487381,4.788574166286996,30.492361339185024,,,98.56241747870982,66.11540152557916,97.13506214461034,86.418750674021,84.10512398134524,31.48280371510775
2017-11-03T04:00:00.000Z,22.91,23.52,20.66,22.59,22.59,6994900,ATUS,24.04775871136444,24.8875001,27.11000006,2.1921118789874936,32.19578671330666,-176.7798668650666,-140.03754133927035,-36.74232552579625,false,1587685,-0.9975348219023772,-0.9609277491119708,-0.036607072790406425,1.326273646147253,26.235476413668255,,,,-168.08288364592357,49.011813936105206,9.807179209897122,0.000981202608096865,0.07940411782663137,,,0.5677661199728234,99.99997114842097,99.86486239467057,14.065549651085869,8.226930337233968,0.3819231767554465
2017-11-06T05:00:00.000Z,21.65,24.120001,21.65,23.91,23.91,3272900,ATUS,24.017145664394565,24.72200015,26.974600060000004,1.949047106048969,41.845332694415774,-134.53036933970841,-37.68063571631773,-96.84973362339068,false,1722995,-0.9593887764883853,-0.9606199545872537,0.001231178098868413,1.4692395653788464,26.12203853983078,,,,-111.75276726107455,98.68431805167323,86.13025745878394,1.5999490447430542,16.176317600135604,,,48.91922077330763,99.98967235168628,97.27403686359118,78.44421838432733,74.96585071805525,19.853950851303065
2017-11-07T05:00:00.000Z,25.049999,25.15,22.620001,23.059999,23.059999,5692500,ATUS,23.804446405640217,24.5375001,26.814800060000003,1.8418785068505539,38.08651216114329,-115.30643953027878,-5.374496480652042,-109.93194304962674,false,1937690,-0.9863754158194347,-0.9657710468336899,-0.020604368985744803,1.6018344947064906,25.97267075740001,,,,-85.4338838917934,87.47347083933252,49.65850509257125,0.06845496627206904,1.8500702873065156,,,69.77700375262064,98.25220961371468,80.11724541129624,84.32900976870239,69.82582807918259,7.7711722364789875
2017-11-08T05:00:00.000Z,22.85,23.26,22.049999,22.799999,22.799999,2208900,ATUS,23.5812358710535,24.3845,26.653800040000007,1.8849033396962256,36.99192563091597,-140.04038555440027,-58.01287345906242,-82.02751209533785,false,1993190,-1.017018789474026,-0.9760205953617571,-0.04099819411226879,1.5528553078681795,25.817906281429277,,,,-127.98941035582956,85.87714577238387,42.10555940693003,0.03578513503887937,1.1432557696714696,,,25.95650225375502,99.99847721650603,99.534463738574,60.63253402210523,47.81083542784125,4.528774939810742
2017-11-09T05:00:00.000Z,22.559999,22.559999,21,21.799999,21.799999,3901000,ATUS,23.185405455263833,24.21699995,26.469800020000008,2.158556593373885,33.05686121408075,-162.81590633124208,-110.45130411887496,-52.36460221236712,false,2099785,-1.109209252713672,-1.00265832683214,-0.10655092588153203,1.583748269384657,25.621910804286387,,,,-171.7432185228026,50.3935344455518,5.566557001587458,0.00016058237595206748,0.01808004501224758,,,3.0010346146451594,99.99997114842097,99.86486239467057,24.729494158562147,11.865494617934376,0.3639063100896593
2017-11-10T05:00:00.000Z,22.66,23.6,21.75,21.9,21.9,2010100,ATUS,22.899759798538536,24.08299995,26.297600020000008,2.3737915900933944,33.81507730888475,-134.61822158298543,-41.31403910132247,-93.30418248166296,false,2134610,-1.1608203990955772,-1.0342907412848275,-0.12652965781074976,1.617029735711575,25.440354179687052,29.027799949999995,,,-124.73846458670447,74.33398308624331,11.013809283335064,0.0008974960706176205,0.07713813117760093,0.0000010717590259723409,,43.06082850624908,99.98996704011623,97.95134098172132,68.40304007786624,36.195850537735275,1.5692439183555815
2017-11-13T05:00:00.000Z,21.9,21.92,21.049999,21.1,21.1,1309300,ATUS,22.499813176641084,23.90799995,26.109600020000006,2.6904621244681404,30.80878108497561,-162.83804093085104,-105.64547412920838,-57.192566801642656,false,2149610,-1.2518454237640704,-1.077801677780676,-0.17404374598339434,1.5236511437476283,25.228629585555975,28.911699959999993,,,-169.43725880074666,46.470887617446486,1.0780639563445438,0.000006647764227984965,0.0016920865000269458,0.0000010717590259723409,,4.652961889695906,99.99997114842097,99.86486239467057,27.85929439454539,7.945562206203593,0.14570294370491446
2017-11-14T05:00:00.000Z,20.75,20.790001,18.73,19.4,19.4,4668500,ATUS,21.810965804054177,23.65349995,25.89740002000001,3.3130308391860694,25.600310286367396,-208.01754567570467,-149.41996803284306,-58.59757764286161,false,2352840,-1.444507817179396,-1.15114290566042,-0.2933649115189758,1.629444750779175,24.94430619113861,28.762699969999993,,,-231.01492827908862,2.1610586375731655,0.00008214635505154888,0.0000010717590259723409,0.0000010717590259723409,0.0000010717590259723409,,5.251586864366131,99.99997114842097,99.86486239467057,10.430833017789931,0.3507192270582482,0.08256497604778268
2017-11-15T05:00:00.000Z,19.5,20.82,19.450001,20.26,20.26,3434700,ATUS,21.466306736486583,23.43399995,25.696800000000007,3.5899886146892728,31.874790861323817,-180.3451644029029,-64.17213472528678,-116.17302967761611,false,2487835,-1.5103885206565941,-1.222992028659655,-0.2873964919969392,1.6032641569317783,24.71580345010746,28.626299949999996,,,-178.82276723511552,56.047979673412925,0.12732147297376262,0.0000010717590259723409,0.00007499007081968045,0.0000010717590259723409,,78.17281395070114,99.99997114842097,99.74899240023562,75.95187987580621,9.984333785484504,0.20310358530779415
2017-11-16T05:00:00.000Z,20.280001,20.93,20.030001,20.24,20.24,2048000,ATUS,21.193794128378453,23.16999995,25.516600000000007,3.7120455476729273,31.807608710627033,-163.96382400217257,-30.46539418825931,-133.49842981391328,false,2539625,-1.546387493230963,-1.2876711215739165,-0.2587163716570464,1.515356012315306,24.497471574492465,28.500099939999995,,,-147.27670240051347,72.57007230081255,0.39272062168405064,0.0000010717590259723409,0.00026608174390485573,0.0000010717590259723409,,93.31843247017359,99.99997114842097,95.37330106601561,87.81626366932673,15.417608217145121,0.2154541282119181
2017-11-17T05:00:00.000Z,20.059999,20.23,19.389999,19.860001,19.860001,1907500,ATUS,20.897395655405465,22.862000000000002,25.35000000000001,3.7371840768149087,30.492572344124724,-171.9733036780376,-63.13837990084598,-108.83492377719162,false,2603680,-1.5872824775187908,-1.3475933927628914,-0.23968908475589945,1.4321866357758926,24.271253497687955,28.369599949999998,,,-150.46880872137746,66.06758124867305,0.21696451722361676,0.0000010717590259723409,0.00005582138618009935,0.0000010717590259723409,,68.16395578510944,99.99997114842097,99.72081747724879,76.65038773656639,11.393254317401185,0.1940367254143173
2017-11-20T05:00:00.000Z,20.25,20.75,19.92,20.48,20.48,1175000,ATUS,20.804641065315362,22.606,25.186400000000006,3.652376873215357,35.19991221752813,-147.7426609749495,70.54918839496386,-218.29184936991336,true,2623235,-1.551775408484822,-1.3884297959072776,-0.16334561257754454,1.364413181303906,24.086314302678787,28.247599949999998,,,-112.37398170086449,96.2119490477107,8.6625274912572,0.000019424784680754925,0.016598404766643426,0.0000010717590259723409,,98.56241747870982,99.99992524458665,84.57337875187186,98.24565332271455,44.033703734963304,0.5763536908219223
2017-11-21T05:00:00.000Z,20.5,21,19.809999,20.1,20.1,1800300,ATUS,20.648054161911947,22.355499950000002,24.998400000000007,3.618129174338298,33.693752554179376,-143.15695396571027,32.87094482991787,-176.02789879562815,true,2687095,-1.5365858198287548,-1.418061000691573,-0.11852481913718171,1.3426116586409176,23.891859946450552,28.12559996,,,-103.7701456113807,90.95996640286911,5.095163098379607,0.0000026949812825804997,0.00393423502234036,0.0000010717590259723409,,98.56241747870982,99.99952827965856,40.60820341164477,96.42430780102491,36.89400449209682,0.2983699058225598
2017-11-22T05:00:00.000Z,19.75,19.860001,19.1,19.33,19.33,3303700,ATUS,20.355153237042625,22.051999950000003,24.791199980000005,3.5636138400222466,30.816338987952697,-161.25947816816173,-120.8680062531434,-40.39147191501833,false,2804630,-1.5685986968665482,-1.448168539926568,-0.12043015693998016,1.2997852013108029,23.66933019296516,27.999899959999997,,,-123.65535610023421,65.00542458765095,0.558363543931395,0.0000010717590259723409,0.00004043546166787593,0.0000010717590259723409,,0.866755402234265,99.99997114842097,99.86486239467057,17.794345159046753,3.644219231176558,0.045289534877656516
2017-11-24T05:00:00.000Z,19.24,19.370001,19.049999,19.200001,19.200001,957100,ATUS,20.098452739922042,21.818000050000002,24.585600000000003,3.665894609068582,30.34517026532909,-159.84812264189577,-101.19047889610515,-58.65764374579062,false,2731975,-1.5861745327580792,-1.4757697384928703,-0.11040479426520888,1.1773123011469524,23.451314134771735,27.87989996,,,-119.71836807354539,72.96976070566379,0.8204146632537324,0.0000010717590259723409,0.00006132727948804373,0.0000010717590259723409,,5.278481788878564,99.99997114842097,99.86486239467057,33.77152001160976,7.5656707741350955,0.0827056826480173
2017-11-27T05:00:00.000Z,19.200001,19.49,18.653,18.790001,18.790001,1232200,ATUS,19.807685686606032,21.573000050000005,24.415400040000005,3.785704877931909,28.84711995357523,-156.2650949066949,-83.2601533460872,-73.00494156060772,false,2694730,-1.614575264208618,-1.5035308436360197,-0.11104442057259822,1.1347732635035834,23.223933006246284,27.748999979999994,,,-117.39295792423088,63.4903598663662,0.2888722612590877,0.0000010717590259723409,0.000008167802523217915,0.0000010717590259723409,,15.371549310197397,99.99997114842097,99.86486239467057,46.04068416794142,7.629120118016629,0.118105889731399
2017-11-28T05:00:00.000Z,18.76,19.120001,18.07,18.360001,18.360001,2201100,ATUS,19.485977978471357,21.315000100000006,24.248200080000007,3.9206907993359223,27.323613705475807,-158.14538728322148,-110.69908506339424,-47.446302219827245,false,2775085,-1.6527288257244663,-1.5333704400537091,-0.11935838567075718,1.1241767305656354,22.98666803033183,27.60809997999999,,,-122.20645736584224,53.53166216911844,0.08293310279969823,0.0000010717590259723409,0.0000010717590259723409,0.0000010717590259723409,,1.850876201634244,99.99997114842097,99.86486239467057,21.478106500564184,2.485240296010654,0.05832097805403152
2017-11-29T05:00:00.000Z,18.34,18.92,18.280001,18.700001,18.700001,2049400,ATUS,19.311316427699946,21.066000150000004,24.082400100000005,3.9208177204249246,30.451318977446878,-145.37345816725357,-70.46870643485988,-74.90475173239369,false,2815815,-1.6366641935705104,-1.5540291907570694,-0.08263500281344105,1.0636545142449314,22.777562321535157,27.472399989999996,,,-108.72680088476316,87.15539496387305,1.819486914133317,0.0000010717590259723409,0.00009647890191200048,0.0000010717590259723409,,17.3232366663271,99.99980293577818,99.86486239467057,53.248513212373126,14.661971571123967,0.12290657339869716
2017-11-30T05:00:00.000Z,18.860001,19,17.809999,17.85,17.85,1537100,ATUS,18.986579443766626,20.711500100000006,23.892400100000003,3.7332405937466753,27.289393798722806,-147.08855070761985,-107.27933677186184,-39.80921393575801,false,2702180,-1.6732328470844102,-1.5778699220225376,-0.0953629250618726,1.0794478249643147,22.537193427801736,27.333399989999993,,,-114.25233486418075,50.219809490066694,0.08848077621426143,0.0000010717590259723409,0.0000010717590259723409,0.0000010717590259723409,,0.8113206532638362,99.99990193873869,99.86486239467057,15.971868365076961,1.9290656592731676,0.044302654808333355
2017-12-01T05:00:00.000Z,17.799999,18.52,17.799999,18.440001,18.440001,2575800,ATUS,18.865117567374043,20.408500150000005,23.722400100000005,3.425090478483489,32.52655967285901,-138.26189396526848,-77.94915150009088,-60.31274246517761,false,2714000,-1.6357497141157076,-1.5894458804411715,-0.046303833674536055,1.0345169718437752,22.337330382543115,27.19879999999999,,,-104.48627585062931,93.30137210036949,7.239344964958994,0.0000010717590259723409,0.00023355478333542123,0.0000010717590259723409,,6.063450132896319,99.99711254596329,99.86486239467057,38.38826052454348,16.373273408711512,0.08661666801686453
2017-12-04T05:00:00.000Z,18.540001,18.73,17.99,18.360001,18.360001,2163500,ATUS,18.752869441290922,20.19700020000001,23.543600140000002,3.382276940878411,32.18801600503613,-128.73107463255215,-17.133886802497024,-111.59718783005513,false,2472430,-1.5941233311446048,-1.5903813705818581,-0.003741960562746671,0.9977023503633036,22.14331431510199,27.066900019999995,,,-93.61206459030177,94.08570541340504,10.782791336609998,0.0000010717590259723409,0.00046200683246899743,0.0000010717590259723409,,72.15266873725199,99.93758102089618,89.21041860505956,87.86885338142477,42.681284173000286,0.19770885789703033
2017-12-05T05:00:00.000Z,18.68,19.33,18.389999,18.52,18.52,2880500,ATUS,18.701120676559608,19.927500200000004,23.360600140000003,2.992401833978562,33.67486435811403,-113.07884516337889,102.42569982788424,-215.50454499126312,true,2452810,-1.5305799674932388,-1.5784210899641342,0.04784112247089545,0.9942394315678904,21.966567275340918,26.934200009999994,,,-75.00851864047517,97.79216001632443,33.533018096366504,0.0000010717590259723409,0.005308873112652712,0.0000010717590259723409,,98.56241747870982,97.27748598346815,98.12764859710559,97.87593143915308,68.5065519890898,0.21740704426229332
2017-12-06T05:00:00.000Z,18.67,18.67,17.83,18.129999,18.129999,1843000,ATUS,18.57420474843525,19.681000200000007,23.169400100000004,2.7193955398944194,31.842146159141745,-119.73724730325428,-63.139973965888885,-56.597273337365394,false,2260335,-1.4944639650029252,-1.5616296649718924,0.06716569996896715,0.9749595026219046,21.77941760337307,26.7964,,,-90.45170912662647,92.55449839105033,22.594096920232822,0.0000010717590259723409,0.0008443737584795663,0.0000010717590259723409,,4.416436886931896,99.33958669616334,99.72086303627414,34.37140640584539,21.48142668454885,0.07776135906703875
2017-12-07T05:00:00.000Z,18.02,18.5,17.85,18.41,18.41,1050900,ATUS,18.537714804338528,19.461500250000007,22.980600100000007,2.3621703556258224,34.59436855991795,-112.92566120334799,-48.574757585635766,-64.35090361771222,false,2202435,-1.4268007611714495,-1.5346638842118039,0.10786312304035439,0.9343395647941664,21.615055769062188,26.660400019999997,,,-86.25400368764234,98.31825509311767,59.437333745936094,0.0000013834567602621917,0.020687516280948337,0.0000010717590259723409,,8.360683940932079,97.19637509138938,98.88677581451027,43.07004698967042,36.41808159811286,0.10398064046105163
2017-12-08T05:00:00.000Z,18.41,19.41,18.190001,19.08,19.08,2377800,ATUS,18.658222625596633,19.325500300000005,22.822200100000003,2.1074292516707684,40.7587786896414,-93.4123685408734,102.0028004073324,-195.4151689482058,true,2126275,-1.3040811483556602,-1.488547337040575,0.18446618868491482,0.9700469941948957,21.491394512034763,26.534800029999996,,,-55.05453233876368,93.26448035594204,97.07453463009756,0.0015990800256604487,1.8393877169420092,0.0000010717590259723409,,98.56241747870982,61.19342950090332,98.06216134730607,82.54880773404233,83.65793735398717,2.1286068052821334
2017-12-11T05:00:00.000Z,19.24,19.709999,18.959999,19.209999,19.209999,3064400,ATUS,18.78083959768627,19.191000250000005,22.6602001,1.7452665601557824,41.902922359743656,-80.49151239739074,114.2962404732236,-194.78775287061433,true,2178990,-1.1827016893306919,-1.4273782074985983,0.24467651816790648,0.9425411199205338,21.380106926081847,26.41250001,,,-32.65498060150078,93.13555895930304,99.08723977795064,0.011198268004686263,4.845213168270801,0.0000010717590259723409,,98.56241747870982,21.40713271372483,99.33668871326486,58.13822807535185,59.35115747787276,2.869504445405521
2017-12-12T05:00:00.000Z,19.34,19.360001,18.799999,19.049999,19.049999,3342400,ATUS,18.840652798200434,19.088500200000006,22.490600060000002,1.5096524720605065,40.857027613363385,-82.2973786534584,53.02537361154519,-135.3227522650036,false,2280645,-1.086889273407074,-1.3592804206802935,0.27239114727321945,0.8947237299304671,21.266443124809562,26.291999999999998,,,-39.56315047194937,97.47405307967301,98.9811171418205,0.009993507598449192,3.845492793905869,0.0000010717590259723409,,94.24811074690521,26.047389071343552,66.79208129861442,62.08337122782707,62.40169702154837,2.9057055249060224
2017-12-13T05:00:00.000Z,19.16,19.58,18.85,19.35,19.35,2281000,ATUS,18.953841065267003,19.086000200000008,22.33260006,1.507745200754422,43.69481256195481,-74.68248496928238,66.98784911263986,-141.67033408192225,false,2161270,-0.9755046595249581,-1.2825252684492265,0.3070206089242684,0.8741332636891583,21.172958094331047,26.175900009999996,,,-22.844406891633607,94.10853533734307,96.76057930690413,0.1629732878824175,14.825737848036336,0.0000010717590259723409,,96.71474768225984,10.089655217138382,81.583208261419,45.11621743881802,45.53609973237136,5.4178688189644
2017-12-14T05:00:00.000Z,19.370001,19.709999,19.165001,19.469999,19.469999,3863500,ATUS,19.068542828541002,19.046500150000007,22.18160004,1.4215802770854657,44.83500851948148,-67.2929409438717,100.68359181946349,-167.97653276333517,true,2182710,-0.8675480798791391,-1.1995298307352091,0.33198175085607007,0.8329913557280135,21.089886918997827,26.059799999999996,,,-2.601343914437621,94.0367624729722,93.45548246496331,0.6390382113537929,25.068041236973603,0.0000010717590259723409,,98.56241747870982,2.9228511978716565,97.84524124710114,30.033451195282193,29.97144019833499,5.688725265774608
2017-12-15T05:00:00.000Z,19.450001,19.569,18.68,19.030001,19.030001,6614400,ATUS,19.059977977754112,18.986000200000007,21.99740006,1.3120272765452072,41.51532070417781,-73.0514007186446,-77.00472141120521,3.9533206925606095,false,2411030,-0.808179681810433,-1.121259800950254,0.3130801191398209,0.8399924362620117,20.989404679046714,25.934100009999998,,,-24.371821921550495,99.0282725885266,98.94809055423278,0.13681417260285045,9.108857831306194,0.0000010717590259723409,,0.004853961322992539,7.891856940042263,99.86486239467057,1.5595940619344708,1.5591730199183167,0.17370095303364885
2017-12-18T05:00:00.000Z,19.299999,19.67,19.059999,19.26,19.26,1526400,ATUS,19.104427316030975,18.956000150000005,21.82400006,1.2570024903709,43.85548966646461,-64.58353109988388,47.099101769839244,-111.68263286972314,false,2391975,-0.7341084561804152,-1.0438295319962863,0.30972107581587105,0.8149932567292606,20.905043475190777,25.7879,,,8.37356862098119,98.09728247772146,96.06700201731064,1.0740732577265266,22.733595298797372,0.0000010717590259723409,,72.27207054680159,1.7085879272309867,59.35306868521795,22.966153807191947,22.8066075513036,5.099730719647631
2017-12-19T05:00:00.000Z,19.299999,20.07,19.07,19.959999,19.959999,1760300,ATUS,19.29455435691298,18.930000100000004,21.67880006,1.1464898080659018,50.36501275882528,-52.72716824982165,133.77162673770917,-186.49879498753083,true,2421240,-0.6118691602460089,-0.9574374576462308,0.3455682974002219,0.838119099638103,20.858943744693665,25.66179999,,,61.367799923897124,84.6242660152792,58.84512523505732,22.023636038464378,75.05257770902328,0.0000010717590259723409,,98.56241747870982,0.09479613475852355,99.86486239467057,9.246959678118463,8.192268090284108,5.9037822732795995
2017-12-20T05:00:00.000Z,19.959999,20.85,19.85,20.34,20.34,2784900,ATUS,19.52687561093232,18.9420001,21.550600059999997,1.1990424806483442,53.51580108514737,-33.410383627797756,144.6078793668802,-178.01826299467797,true,2470470,-0.47881129408377276,-0.8617122249337392,0.38290093084996646,0.8583542121833402,20.833629415684218,25.5308,,,128.69627771607628,76.8631724894854,29.041609566077952,56.080444726943824,92.67832516161603,0.0000010717590259723409,,98.56241747870982,0.0001203806184513212,99.86486239467057,0.9697551046448509,0.7010723944193357,0.8730245477825762
2017-12-21T05:00:00.000Z,20.059999,21.41,20.040001,20.969999,20.969999,5882900,ATUS,19.847569697391805,19.02400005,21.452800019999994,1.4843362241754607,58.24785720296411,-18.64867670901094,109.9020398698175,-128.55071657882843,false,2599430,-0.31885080869644966,-0.7531399416862813,0.4342891329898316,0.9223098106604226,20.84028159052889,25.40239998,,,170.4592928127104,55.484057958219935,4.535431679489688,93.31655009723043,98.42629108642534,0.0002330448969911636,,90.21292639366297,1.3743438609381542e-7,99.00987211848398,0.08827630195269771,0.0383113629334528,0.10498025358216317
2017-12-22T05:00:00.000Z,20.950001,21.42,20.65,21.01,21.01,1844000,ATUS,20.10588754241585,19.1145,21.370000019999992,1.7184693642889748,58.53647719136102,-10.414369030605977,89.94344155613713,-100.35781058674311,false,2643775,-0.186701051669953,-0.6398521636830157,0.4531511120130627,0.9032710843278702,20.848560537332357,25.286299990000003,,,183.75253972332803,72.61792696029792,5.860151306436823,95.78405157313975,98.17028924526375,0.0006367439575161171,,54.739220627836445,1.6543211245334533e-9,95.2021810482181,0.018735016963060416,0.008096097907281776,0.02054646957930178
2017-12-26T05:00:00.000Z,20.969999,21.15,20.700001,20.9,20.9,761900,ATUS,20.28235697743455,19.21999995,21.296400019999997,1.8775404464350969,57.36217527962584,-11.777858613072297,55.555590105019476,-67.33344871809177,false,2620260,-0.08981219870993584,-0.5298441706883997,0.4400319719784639,0.8466120737868862,20.851069779413706,25.171800010000002,,,155.59693317119994,88.13794429177426,13.646105213443283,95.10844873943007,98.94484238959981,0.0005713810640184391,,10.438774718081834,3.550415517139527e-9,69.79521301711459,0.014837607380546443,0.007967323924862385,0.015218876825764985
2017-12-27T05:00:00.000Z,20.9,20.950001,20.459999,20.67,20.67,850500,ATUS,20.368499871337985,19.3354999,21.21780002,1.9350394219238607,54.88298017615346,-16.673614141360044,-22.642407289709443,5.968793148349398,false,2552730,-0.03122620623459582,-0.43012057779763896,0.39889437156304314,0.8020358145635255,20.842237107247183,25.053700010000004,,,130.00255858985224,96.46896687918442,35.915240024677054,91.42315579088545,98.07478744025339,0.00021237764735726472,,0.006842303454668297,4.964972877274931e-8,92.24017190361019,0.0032001397646460976,0.0023021449337002004,0.0031433432391509406
2017-12-28T05:00:00.000Z,20.58,21.030001,20.459999,20.91,20.91,1012700,ATUS,20.488833233262877,19.44599985,21.146200020000002,2.027455289568414,56.97274228379189,-11.439446681355918,-32.97201474723556,21.532568065879644,false,2500895,0.034175653468128786,-0.3372613315444854,0.3714369850126142,0.7730315877430847,20.845542614210736,24.952000010000003,,,133.55410541729552,94.26900007544596,27.046192068437456,97.46023893693084,98.85863977226003,0.0022552659648455986,,0.07745899053825944,2.940869769929577e-9,96.12797424003661,0.0027795351820038617,0.0018332340619702189,0.002810552481298023
2017-12-29T05:00:00.000Z,20.879999,21.360001,20.84,21.23,21.23,1428400,ATUS,20.65353695920446,19.61499985,21.077800019999998,2.0306203864826795,59.65597933856069,1.9983172783186696,111.87665075329228,-109.87833347497362,false,2495460,0.11055402613017051,-0.2476982600095542,0.3582522861397247,0.7414027642751991,20.864296633029724,24.853800020000005,,,141.6396621988454,90.03512875142114,18.5821972201475,98.2620948588002,95.53301902525003,0.029936766175575613,,69.69903388080621,1.1213252548714081e-11,99.17099302458298,0.004128479355714765,0.002439786416146968,0.004250579338435667
2018-01-02T05:00:00.000Z,21.26,21.530001,20.51,21.440001,21.440001,2495700,ATUS,20.82830674604791,19.764999850000002,20.996200039999998,2.1031929378919925,61.358999560541314,5.5512696375325135,86.65609676884465,-81.10482713131213,false,2491455,0.18588697307473012,-0.16098121339269733,0.34686818646742745,0.7762275437407988,20.89237977288193,24.75730003,,,124.34135490471036,88.97620401740414,16.11279099154448,93.99688134587902,91.17385538590628,0.15396412195078923,,24.726165415021406,9.793277300218506e-11,94.00511618313968,0.005994959202073138,0.0033917085948321135,0.006105661955982106
2018-01-03T05:00:00.000Z,21.6,22.219999,21.52,21.67,21.67,2090200,ATUS,21.0153496913706,19.9304998,20.90920004,2.1551938104956365,63.191636374017236,33.13116340212247,152.5296032632371,-119.39843986111464,false,2487790,0.26113764121562966,-0.07655744247103193,0.33769508368666157,0.7766988507731993,20.930312466887692,24.663600020000004,,,148.06730913966376,87.57412668960963,13.760737578898286,82.75592929952232,83.80267440305363,0.704246364465333,,81.9230112482982,0.00010735081583668205,99.86486239467057,0.9166334267947479,0.4946344073867329,0.8995047454037473
2018-01-04T05:00:00.000Z,21.59,21.889999,21.040001,21.530001,21.530001,1841100,ATUS,21.1297166488438,20.08099985,20.82780006,2.160564320079104,61.286285287784814,25.863652695791416,47.315797745963174,-21.452145050171758,false,2435820,0.30595077846316343,-0.000055798284192845604,0.30600657674735626,0.7858612444265494,20.9595655660639,24.564000030000006,,,113.34516806488683,94.97292739187974,31.337271860169412,85.34662182439553,90.51319499629956,0.5533725980887194,,0.07657155110293301,0.000004528456132302239,59.63303461971419,0.03205328005868331,0.02214927923517095,0.030931523774087033
2018-01-05T05:00:00.000Z,21.52,21.719999,21.17,21.24,21.24,1045400,ATUS,21.154224060211845,20.236499900000002,20.75040004,2.019577313498656,57.42380211977225,25.866676798725774,-5.754916735678183,31.621593534403956,false,2395940,0.31444018481421665,0.06284339833548905,0.25159678647872763,0.7563784638732307,20.97324529454859,24.463000030000003,,,95.93207240034688,98.73832235747261,66.14615310735148,92.73328562128287,97.07043521310122,0.20523613717602363,,0.30261570802603277,0.000004534760467134191,80.46910187975753,0.05136222800574133,0.044941766299223966,0.05029913180702386
2018-01-08T05:00:00.000Z,21.299999,21.459999,21.07,21.09,21.09,822900,ATUS,21.139952046831436,20.3704999,20.66420004,1.8669067015785503,55.47625972174052,23.321884685482335,-69.93018648018497,93.2520711656673,false,2384540,0.30554225321103345,0.11138316931059794,0.19415908390043551,0.7105810308890768,20.978940646034026,24.363700030000004,,,78.32282168302024,98.94302350502697,83.82209409618783,94.24608986439328,98.5674156750563,0.14662931215234654,,42.975535936140176,0.0000013761128792033617,99.86397524617252,0.18019947143162418,0.17050794587004758,0.1773017003673596
2018-01-09T05:00:00.000Z,23.77,25.15,23.01,23.110001,23.110001,11591900,ATUS,21.577740703091116,20.57199995,20.64880008,2.1191570986595787,70.15551616288064,137.29581644720545,166.6666666666673,-29.370850219461857,false,2845245,0.4562286571890404,0.18035226688628642,0.27587639030275396,1.1292584020279421,21.082894809642124,24.289300050000005,,,208.45838969242098,32.98069800480141,0.5624533829349909,0.8948639882959242,7.409236476067926,67.64921105181712,,0.2264782680860833,99.99594824516518,99.86486239467057,9.073111759330047,2.3354208717330187,2.72639424613716
2018-01-10T05:00:00.000Z,22.74,23.030001,22.1,22.75,22.75,3023600,ATUS,21.838242769070867,20.749000000000002,20.63000006,2.223339439671417,65.98043974832416,88.97849954136174,40.569189891406495,48.40930964995525,false,2843205,0.5403705901383162,0.2523559315366924,0.28801465860162384,1.1143512267744493,21.164217014049825,24.213400050000004,,,132.27498970529072,76.72989763733786,7.248433687976497,4.358501458473896,27.52196051243818,49.301709750576975,,2.040548192136482,46.60809924644176,50.75686763507179,19.396541009763464,8.833865977336904,7.4561587820340565
2018-01-11T05:00:00.000Z,22.6,23.200001,21.809999,23.129999,23.129999,4018900,ATUS,22.125299709277343,20.953,20.622200040000003,2.30939053258626,68.13602864210583,94.94884204980895,30.109557158959962,64.83928489084899,false,2877030,0.6304489981169432,0.3279745448527426,0.30247445326420064,1.148807573427643,21.260108818242518,24.14060004000001,,,126.83541251447845,72.02616991145715,3.954708916687988,0.6864623571817274,13.175794076368408,76.59196195991433,,8.677847359676871,65.99781524088581,37.082034408803324,34.55232656331439,13.132639709111464,7.3257613121882965
2018-01-12T05:00:00.000Z,23.129999,23.690001,23,23.27,23.27,2681800,ATUS,22.379677551660155,21.148999999999997,20.614000040000004,2.395703786364076,68.9174534628603,123.32371608181148,60.972286449066544,62.35142963274494,false,2897070,0.7050068163552723,0.40338099915324854,0.30162581720202375,1.0914567517491875,21.35815229052337,24.06610005000001,,,152.3087422670619,79.065463138523,5.353134422121686,0.2945577611286998,11.889098972904,85.92176158111087,,7.15254472638156,99.72566413615532,75.77477990235076,38.348770644374,15.629984817878976,5.944919750836813
